,Date,BTC price [USD],Gold price[USD],r√≥znica w % miedzy BTC a ZL
0,2014-01-02,749.27,1225.0,-38.84
1,2014-01-03,781.23,1238.4,-36.92
2,2014-01-04,807.39,,
3,2014-01-05,828.74,,
4,2014-01-06,904.98,1237.8,-26.89
5,2014-01-07,915.69,1229.4,-25.52
6,2014-01-08,790.0,1225.3,-35.53
7,2014-01-09,823.3,1229.3,-33.03
8,2014-01-10,826.28,1246.7,-33.72
9,2014-01-11,853.99,,
10,2014-01-12,895.0,,
11,2014-01-13,844.04,1250.9,-32.53
12,2014-01-14,823.0,1245.2,-33.91
13,2014-01-15,816.0,1238.1,-34.09
14,2014-01-16,841.83,1240.0,-32.11
15,2014-01-17,817.15,1251.7,-34.72
16,2014-01-18,792.0,,
17,2014-01-19,811.2,,
18,2014-01-20,841.1,1255.1,-32.99
19,2014-01-21,827.81,1242.3,-33.36
20,2014-01-22,824.78,1239.0,-33.43
21,2014-01-23,819.62,1262.6,-35.08
22,2014-01-24,811.22,1264.5,-35.85
23,2014-01-25,780.02,,
24,2014-01-26,805.0,,
25,2014-01-27,814.21,1263.6,-35.56
26,2014-01-28,747.57,1251.0,-40.24
27,2014-01-29,785.6,1262.2,-37.76
28,2014-01-30,794.0,1242.2,-36.08
29,2014-01-31,800.0,1240.1,-35.49
30,2014-02-01,803.0,,
31,2014-02-02,817.08,,
32,2014-02-03,814.34,1260.4,-35.39
33,2014-02-04,808.5,1251.7,-35.41
34,2014-02-05,802.99,1257.3,-36.13
35,2014-02-06,781.0,1257.6,-37.9
36,2014-02-07,763.97,1263.3,-39.53
37,2014-02-08,710.01,,
38,2014-02-09,680.8,,
39,2014-02-10,687.37,1274.8,-46.08
40,2014-02-11,688.68,1290.1,-46.62
41,2014-02-12,675.1,1295.3,-47.88
42,2014-02-13,652.91,1300.4,-49.79
43,2014-02-14,610.0,1319.0,-53.75
44,2014-02-15,670.29,,
45,2014-02-16,655.71,,
46,2014-02-17,623.88,1328.5,-53.04
47,2014-02-18,629.96,1324.7,-52.45
48,2014-02-19,629.59,1320.6,-52.33
49,2014-02-20,624.85,1317.1,-52.56
50,2014-02-21,563.0,1323.9,-57.47
51,2014-02-22,579.5,,
52,2014-02-23,612.48,,
53,2014-02-24,611.05,1338.3,-54.34
54,2014-02-25,542.68,1343.0,-59.59
55,2014-02-26,559.52,1328.2,-57.87
56,2014-02-27,585.21,1331.6,-56.05
57,2014-02-28,583.05,1321.4,-55.88
58,2014-03-01,553.0,,
59,2014-03-02,567.48,,
60,2014-03-03,561.0,1350.1,-58.45
61,2014-03-04,681.96,1337.8,-49.02
62,2014-03-05,673.28,1340.2,-49.76
63,2014-03-06,670.7,1351.7,-50.38
64,2014-03-07,669.0,1338.1,-50.0
65,2014-03-08,631.99,,
66,2014-03-09,622.38,,
67,2014-03-10,639.9,1341.4,-52.3
68,2014-03-11,629.33,1346.5,-53.26
69,2014-03-12,632.1,1370.3,-53.87
70,2014-03-13,634.95,1372.2,-53.73
71,2014-03-14,641.01,1379.0,-53.52
72,2014-03-15,630.42,,
73,2014-03-16,637.24,,
74,2014-03-17,634.99,1372.9,-53.75
75,2014-03-18,624.71,1359.0,-54.03
76,2014-03-19,615.49,1341.4,-54.12
77,2014-03-20,611.2,1330.5,-54.06
78,2014-03-21,585.6,1336.0,-56.17
79,2014-03-22,572.89,,
80,2014-03-23,563.01,,
81,2014-03-24,559.54,1311.2,-57.33
82,2014-03-25,585.58,1311.4,-55.35
83,2014-03-26,585.79,1303.4,-55.06
84,2014-03-27,578.5,1294.7,-55.32
85,2014-03-28,474.2,1293.8,-63.35
86,2014-03-29,499.6,,
87,2014-03-30,490.0,,
88,2014-03-31,458.66,1283.4,-64.26
89,2014-04-01,457.49,1279.6,-64.25
90,2014-04-02,479.0,1290.5,-62.88
91,2014-04-03,439.12,1284.4,-65.81
92,2014-04-04,448.72,1303.2,-65.57
93,2014-04-05,452.0,,
94,2014-04-06,463.0,,
95,2014-04-07,458.0,1298.0,-64.71
96,2014-04-08,449.99,1308.7,-65.62
97,2014-04-09,453.0,1305.5,-65.3
98,2014-04-10,441.93,1320.1,-66.52
99,2014-04-11,369.0,1318.7,-72.02
100,2014-04-12,423.4,,
101,2014-04-13,423.37,,
102,2014-04-14,417.58,1327.2,-68.54
103,2014-04-15,459.64,1300.0,-64.64
104,2014-04-16,523.0,1303.1,-59.86
105,2014-04-17,526.29,1293.4,-59.31
106,2014-04-18,498.2,,
107,2014-04-19,482.11,,
108,2014-04-20,503.8,,
109,2014-04-21,501.54,1288.0,-61.06
110,2014-04-22,498.38,1280.6,-61.08
111,2014-04-23,488.52,1284.2,-61.96
112,2014-04-24,491.99,1290.5,-61.88
113,2014-04-25,502.15,1300.7,-61.39
114,2014-04-26,463.13,,
115,2014-04-27,461.48,,
116,2014-04-28,438.8,1298.9,-66.22
117,2014-04-29,442.44,1296.0,-65.86
118,2014-04-30,448.0,1295.6,-65.42
119,2014-05-01,452.03,1283.1,-64.77
120,2014-05-02,460.97,1302.6,-64.61
121,2014-05-03,454.9,,
122,2014-05-04,440.0,,
123,2014-05-05,436.75,1309.0,-66.63
124,2014-05-06,433.0,1308.3,-66.9
125,2014-05-07,428.01,1288.6,-66.78
126,2014-05-08,440.88,1287.4,-65.75
127,2014-05-09,437.61,1287.3,-66.01
128,2014-05-10,449.0,,
129,2014-05-11,457.0,,
130,2014-05-12,437.81,1295.6,-66.21
131,2014-05-13,442.45,1294.6,-65.82
132,2014-05-14,439.12,1305.7,-66.37
133,2014-05-15,444.65,1293.5,-65.62
134,2014-05-16,446.53,1293.3,-65.47
135,2014-05-17,449.12,,
136,2014-05-18,448.66,,
137,2014-05-19,446.89,1293.7,-65.46
138,2014-05-20,448.02,1294.5,-65.39
139,2014-05-21,488.12,1288.0,-62.1
140,2014-05-22,493.97,1294.9,-61.85
141,2014-05-23,528.32,1291.6,-59.1
142,2014-05-24,521.1,,
143,2014-05-25,527.91,1291.7,-59.13
144,2014-05-26,569.93,1292.5,-55.9
145,2014-05-27,584.88,1265.4,-53.78
146,2014-05-28,572.7,1259.3,-54.52
147,2014-05-29,581.0,1256.3,-53.75
148,2014-05-30,569.01,1245.6,-54.32
149,2014-05-31,621.3,,
150,2014-06-01,626.5,,
151,2014-06-02,630.71,1243.7,-49.29
152,2014-06-03,662.0,1244.3,-46.8
153,2014-06-04,670.14,1244.0,-46.13
154,2014-06-05,642.86,1253.0,-48.69
155,2014-06-06,661.48,1252.1,-47.17
156,2014-06-07,649.0,,
157,2014-06-08,657.12,,
158,2014-06-09,657.11,1253.5,-47.58
159,2014-06-10,648.81,1259.8,-48.5
160,2014-06-11,648.55,1260.8,-48.56
161,2014-06-12,624.97,1273.6,-50.93
162,2014-06-13,574.85,1273.7,-54.87
163,2014-06-14,591.55,,
164,2014-06-15,572.28,,
165,2014-06-16,592.89,1274.9,-53.5
166,2014-06-17,586.0,1271.7,-53.92
167,2014-06-18,608.0,1272.4,-52.22
168,2014-06-19,608.0,1313.7,-53.72
169,2014-06-20,595.15,1316.2,-54.78
170,2014-06-21,593.48,,
171,2014-06-22,590.96,,
172,2014-06-23,598.76,1318.0,-54.57
173,2014-06-24,588.25,1320.9,-55.47
174,2014-06-25,574.98,1322.2,-56.51
175,2014-06-26,560.76,1316.1,-57.39
176,2014-06-27,577.34,1319.0,-56.23
177,2014-06-28,599.0,,
178,2014-06-29,590.0,,
179,2014-06-30,599.99,1475.1,-59.33
180,2014-07-01,638.99,1480.2,-56.83
181,2014-07-02,639.25,1484.8,-56.95
182,2014-07-03,650.49,1475.6,-55.92
183,2014-07-04,645.35,1321.3,-51.16
184,2014-07-05,626.16,,
185,2014-07-06,631.0,,
186,2014-07-07,633.74,1472.0,-56.95
187,2014-07-08,624.35,1471.4,-57.57
188,2014-07-09,624.97,1479.7,-57.76
189,2014-07-10,621.95,1494.7,-58.39
190,2014-07-11,616.8,1492.9,-58.68
191,2014-07-12,634.0,,
192,2014-07-13,636.18,,
193,2014-07-14,630.43,1460.7,-56.84
194,2014-07-15,621.21,1451.3,-57.2
195,2014-07-16,624.07,1454.9,-57.11
196,2014-07-17,617.41,1472.1,-58.06
197,2014-07-18,625.8,1464.7,-57.27
198,2014-07-19,631.85,,
199,2014-07-20,630.0,,
200,2014-07-21,627.0,1469.6,-57.34
201,2014-07-22,622.23,1461.6,-57.43
202,2014-07-23,620.0,1460.3,-57.54
203,2014-07-24,620.43,1447.3,-57.13
204,2014-07-25,603.96,1460.3,-58.64
205,2014-07-26,602.9,,
206,2014-07-27,595.9,,
207,2014-07-28,593.68,1462.0,-59.39
208,2014-07-29,589.94,1456.7,-59.5
209,2014-07-30,585.5,1456.1,-59.79
210,2014-07-31,563.35,1441.5,-60.92
211,2014-08-01,582.04,1451.1,-59.89
212,2014-08-02,595.76,,
213,2014-08-03,589.59,,
214,2014-08-04,583.81,1441.9,-59.51
215,2014-08-05,588.5,1439.0,-59.1
216,2014-08-06,581.96,1462.7,-60.21
217,2014-08-07,582.73,1467.3,-60.29
218,2014-08-08,585.02,1465.9,-60.09
219,2014-08-09,588.98,,
220,2014-08-10,589.6,,
221,2014-08-11,590.74,1465.5,-59.69
222,2014-08-12,574.01,1465.3,-60.83
223,2014-08-13,569.01,1467.9,-61.24
224,2014-08-14,549.98,1469.1,-62.56
225,2014-08-15,504.51,1459.4,-65.43
226,2014-08-16,500.39,,
227,2014-08-17,523.88,,
228,2014-08-18,498.17,1452.8,-65.71
229,2014-08-19,474.95,1449.0,-67.22
230,2014-08-20,490.0,1449.0,-66.18
231,2014-08-21,518.82,1429.2,-63.7
232,2014-08-22,521.12,1434.1,-63.66
233,2014-08-23,515.69,,
234,2014-08-24,495.27,,
235,2014-08-25,508.03,1433.1,-64.55
236,2014-08-26,501.55,1439.3,-65.15
237,2014-08-27,513.92,1436.9,-64.23
238,2014-08-28,511.77,1443.8,-64.55
239,2014-08-29,506.61,1440.6,-64.83
240,2014-08-30,509.3,,
241,2014-08-31,501.0,1287.7,-61.09
242,2014-09-01,478.87,1287.4,-62.8
243,2014-09-02,476.36,1419.0,-66.43
244,2014-09-03,473.53,1425.5,-66.78
245,2014-09-04,474.5,1422.3,-66.64
246,2014-09-05,488.87,1423.2,-65.65
247,2014-09-06,485.91,,
248,2014-09-07,479.59,,
249,2014-09-08,476.53,1410.2,-66.21
250,2014-09-09,467.85,1404.6,-66.69
251,2014-09-10,473.35,1402.0,-66.24
252,2014-09-11,477.74,1395.4,-65.76
253,2014-09-12,477.73,1387.8,-65.58
254,2014-09-13,474.62,,
255,2014-09-14,476.92,,
256,2014-09-15,474.35,1391.3,-65.91
257,2014-09-16,470.83,1393.0,-66.2
258,2014-09-17,463.4,1392.0,-66.71
259,2014-09-18,453.9,1383.4,-67.19
260,2014-09-19,425.56,1373.1,-69.01
261,2014-09-20,395.67,,
262,2014-09-21,411.71,,
263,2014-09-22,401.15,1374.2,-70.81
264,2014-09-23,399.95,1377.2,-70.96
265,2014-09-24,440.03,1374.9,-68.0
266,2014-09-25,423.68,1376.4,-69.22
267,2014-09-26,410.19,1370.4,-70.07
268,2014-09-27,404.71,,
269,2014-09-28,400.39,,
270,2014-09-29,375.24,1373.7,-72.68
271,2014-09-30,373.87,1366.7,-72.64
272,2014-10-01,390.18,1370.2,-71.52
273,2014-10-02,384.04,1368.1,-71.93
274,2014-10-03,375.78,1346.9,-72.1
275,2014-10-04,358.9,,
276,2014-10-05,328.39,,
277,2014-10-06,323.94,1360.7,-76.19
278,2014-10-07,327.61,1363.6,-75.97
279,2014-10-08,334.06,1344.2,-75.15
280,2014-10-09,357.0,1358.8,-73.73
281,2014-10-10,363.61,1353.7,-73.14
282,2014-10-11,360.9,,
283,2014-10-12,361.95,,
284,2014-10-13,380.8,1229.3,-69.02
285,2014-10-14,391.98,1359.3,-71.16
286,2014-10-15,402.5,1361.3,-70.43
287,2014-10-16,394.84,1357.5,-70.91
288,2014-10-17,383.85,1358.5,-71.74
289,2014-10-18,383.14,,
290,2014-10-19,391.0,,
291,2014-10-20,389.44,1364.3,-71.45
292,2014-10-21,381.46,1371.8,-72.19
293,2014-10-22,385.89,1366.6,-71.76
294,2014-10-23,384.07,1352.1,-71.59
295,2014-10-24,357.2,1355.0,-73.64
296,2014-10-25,358.49,,
297,2014-10-26,347.0,,
298,2014-10-27,355.3,1352.4,-73.73
299,2014-10-28,350.9,1352.6,-74.06
300,2014-10-29,355.79,1349.2,-73.63
301,2014-10-30,335.33,1322.9,-74.65
302,2014-10-31,345.3,1295.9,-73.35
303,2014-11-01,337.79,,
304,2014-11-02,324.51,,
305,2014-11-03,324.36,1294.4,-74.94
306,2014-11-04,326.49,1290.3,-74.7
307,2014-11-05,330.23,1268.1,-73.96
308,2014-11-06,338.63,1264.4,-73.22
309,2014-11-07,349.96,1291.0,-72.89
310,2014-11-08,342.19,,
311,2014-11-09,346.94,,
312,2014-11-10,365.94,1281.3,-71.44
313,2014-11-11,365.8,1285.1,-71.54
314,2014-11-12,369.41,1280.4,-71.15
315,2014-11-13,420.19,1281.4,-67.21
316,2014-11-14,419.99,1305.6,-67.83
317,2014-11-15,399.11,,
318,2014-11-16,376.99,,
319,2014-11-17,389.87,1303.7,-70.1
320,2014-11-18,388.87,1315.5,-70.44
321,2014-11-19,374.92,1313.4,-71.45
322,2014-11-20,379.05,1308.9,-71.04
323,2014-11-21,356.47,1315.9,-72.91
324,2014-11-22,350.25,,
325,2014-11-23,353.04,,
326,2014-11-24,367.12,1314.2,-72.07
327,2014-11-25,374.58,1315.2,-71.52
328,2014-11-26,376.16,1314.5,-71.38
329,2014-11-27,366.86,1188.8,-69.14
330,2014-11-28,369.97,1291.2,-71.35
331,2014-11-29,376.98,,
332,2014-11-30,375.59,,
333,2014-12-01,376.03,1332.5,-71.78
334,2014-12-02,377.42,1314.7,-71.29
335,2014-12-03,379.62,1325.8,-71.37
336,2014-12-04,376.03,1324.2,-71.6
337,2014-12-05,368.73,1310.8,-71.87
338,2014-12-06,376.0,,
339,2014-12-07,375.05,,
340,2014-12-08,376.01,1314.4,-71.39
341,2014-12-09,362.99,1350.2,-73.12
342,2014-12-10,351.82,1345.5,-73.85
343,2014-12-11,348.79,1342.3,-74.02
344,2014-12-12,348.97,1333.5,-73.83
345,2014-12-13,352.21,,
346,2014-12-14,351.77,,
347,2014-12-15,357.8,1317.7,-72.85
348,2014-12-16,347.96,1302.0,-73.27
349,2014-12-17,329.84,1302.3,-74.67
350,2014-12-18,321.34,1303.9,-75.36
351,2014-12-19,312.26,1305.6,-76.08
352,2014-12-20,318.59,,
353,2014-12-21,331.52,,
354,2014-12-22,320.0,1289.7,-75.19
355,2014-12-23,331.98,1289.7,-74.26
356,2014-12-24,336.95,1285.6,-73.79
357,2014-12-25,323.68,1177.0,-72.5
358,2014-12-26,319.81,1307.7,-75.54
359,2014-12-27,329.94,,
360,2014-12-28,316.09,,
361,2014-12-29,317.41,1292.9,-75.45
362,2014-12-30,313.4,1311.9,-76.11
363,2014-12-31,311.0,1295.4,-75.99
364,2015-01-01,320.97,1186.8,-72.96
365,2015-01-02,314.81,1297.7,-75.74
366,2015-01-03,316.51,,
367,2015-01-04,285.09,,
368,2015-01-05,263.17,1313.5,-79.96
369,2015-01-06,274.28,1322.2,-79.26
370,2015-01-07,287.32,1313.6,-78.13
371,2015-01-08,297.99,1311.6,-77.28
372,2015-01-09,284.49,1317.4,-78.41
373,2015-01-10,290.81,,
374,2015-01-11,275.97,,
375,2015-01-12,269.68,1333.2,-79.77
376,2015-01-13,267.02,1334.5,-79.99
377,2015-01-14,222.0,1324.5,-83.24
378,2015-01-15,172.0,1352.8,-87.29
379,2015-01-16,210.21,1364.9,-84.6
380,2015-01-17,208.13,,
381,2015-01-18,199.77,1279.0,-84.38
382,2015-01-19,211.98,1275.9,-83.39
383,2015-01-20,216.01,1377.4,-84.32
384,2015-01-21,210.71,1378.4,-84.71
385,2015-01-22,224.59,1390.2,-83.84
386,2015-01-23,233.51,1382.6,-83.11
387,2015-01-24,233.71,,
388,2015-01-25,249.32,,
389,2015-01-26,254.32,1370.6,-81.44
390,2015-01-27,274.43,1379.7,-80.11
391,2015-01-28,263.52,1367.2,-80.73
392,2015-01-29,236.2,1328.8,-82.22
393,2015-01-30,235.99,1349.6,-82.51
394,2015-01-31,226.97,,
395,2015-02-01,219.25,,
396,2015-02-02,226.98,1347.4,-83.15
397,2015-02-03,237.97,1332.3,-82.14
398,2015-02-04,227.53,1263.8,-82.0
399,2015-02-05,226.71,1336.9,-83.04
400,2015-02-06,216.98,1314.6,-83.49
401,2015-02-07,222.36,,
402,2015-02-08,229.3,,
403,2015-02-09,223.93,1321.9,-83.06
404,2015-02-10,219.93,1313.2,-83.25
405,2015-02-11,220.36,1301.2,-83.06
406,2015-02-12,219.6,1300.7,-83.12
407,2015-02-13,222.33,1307.2,-82.99
408,2015-02-14,236.9,,
409,2015-02-15,257.5,1228.8,-79.04
410,2015-02-16,234.18,1231.7,-80.99
411,2015-02-17,234.5,1291.9,-81.85
412,2015-02-18,245.29,1283.5,-80.89
413,2015-02-19,237.44,1288.9,-81.58
414,2015-02-20,241.39,1285.2,-81.22
415,2015-02-21,245.78,,
416,2015-02-22,245.41,,
417,2015-02-23,235.98,1280.7,-81.57
418,2015-02-24,238.9,1275.1,-81.26
419,2015-02-25,239.94,1278.0,-81.23
420,2015-02-26,237.97,1288.1,-81.53
421,2015-02-27,236.59,1291.4,-81.68
422,2015-02-28,252.11,,
423,2015-03-01,253.5,,
424,2015-03-02,257.05,1287.8,-80.04
425,2015-03-03,275.87,1286.2,-78.55
426,2015-03-04,279.47,1282.6,-78.21
427,2015-03-05,270.06,1278.1,-78.87
428,2015-03-06,273.11,1247.6,-78.11
429,2015-03-07,272.34,,
430,2015-03-08,276.66,,
431,2015-03-09,275.0,1250.0,-78.0
432,2015-03-10,287.01,1240.1,-76.86
433,2015-03-11,290.0,1230.4,-76.43
434,2015-03-12,296.56,1231.0,-75.91
435,2015-03-13,294.9,1230.9,-76.04
436,2015-03-14,285.03,,
437,2015-03-15,282.2,,
438,2015-03-16,286.79,1231.3,-76.71
439,2015-03-17,289.28,1226.5,-76.41
440,2015-03-18,284.48,1229.5,-76.86
441,2015-03-19,256.99,1241.5,-79.3
442,2015-03-20,261.39,1256.7,-79.2
443,2015-03-21,262.1,,
444,2015-03-22,259.99,,
445,2015-03-23,267.75,1259.5,-78.74
446,2015-03-24,265.99,1263.2,-78.94
447,2015-03-25,245.0,1269.3,-80.7
448,2015-03-26,247.08,1279.0,-80.68
449,2015-03-27,249.23,1273.9,-80.44
450,2015-03-28,247.57,,
451,2015-03-29,252.96,,
452,2015-03-30,242.34,1258.4,-80.74
453,2015-03-31,248.0,1254.2,-80.23
454,2015-04-01,243.63,1276.2,-80.91
455,2015-04-02,246.49,1270.2,-80.59
456,2015-04-03,253.28,1270.2,-80.06
457,2015-04-04,254.3,,
458,2015-04-05,253.67,,
459,2015-04-06,260.52,1287.4,-79.76
460,2015-04-07,255.18,1280.4,-80.07
461,2015-04-08,253.9,1273.1,-80.06
462,2015-04-09,245.0,1263.6,-80.61
463,2015-04-10,243.0,1275.3,-80.95
464,2015-04-11,236.0,,
465,2015-04-12,236.36,,
466,2015-04-13,236.5,1269.8,-81.38
467,2015-04-14,223.01,1260.1,-82.3
468,2015-04-15,216.23,1268.5,-82.95
469,2015-04-16,222.55,1265.0,-82.41
470,2015-04-17,227.5,1270.1,-82.09
471,2015-04-18,222.64,,
472,2015-04-19,223.41,,
473,2015-04-20,222.61,1261.3,-82.35
474,2015-04-21,224.29,1271.1,-82.35
475,2015-04-22,235.85,1256.7,-81.23
476,2015-04-23,233.59,1264.0,-81.52
477,2015-04-24,235.98,1242.4,-81.01
478,2015-04-25,231.16,,
479,2015-04-26,226.29,,
480,2015-04-27,219.52,1271.2,-82.73
481,2015-04-28,227.01,1283.4,-82.31
482,2015-04-29,225.2,1282.0,-82.43
483,2015-04-30,225.62,1255.0,-82.02
484,2015-05-01,235.97,1248.1,-81.09
485,2015-05-02,230.97,,
486,2015-05-03,233.77,,
487,2015-05-04,239.47,1261.0,-81.01
488,2015-05-05,238.25,1270.2,-81.24
489,2015-05-06,235.87,1268.7,-81.41
490,2015-05-07,228.99,1260.5,-81.83
491,2015-05-08,237.16,1264.5,-81.24
492,2015-05-09,243.24,,
493,2015-05-10,242.19,,
494,2015-05-11,239.11,1259.3,-81.01
495,2015-05-12,240.95,1269.0,-81.01
496,2015-05-13,241.1,1294.2,-81.37
497,2015-05-14,235.97,1301.0,-81.86
498,2015-05-15,237.1,1300.9,-81.77
499,2015-05-16,237.37,,
500,2015-05-17,236.63,,
501,2015-05-18,235.83,1303.2,-81.9
502,2015-05-19,232.81,1283.4,-81.86
503,2015-05-20,231.4,1285.5,-82.0
504,2015-05-21,234.11,1280.1,-81.71
505,2015-05-22,235.0,1281.7,-81.66
506,2015-05-23,238.8,,
507,2015-05-24,237.76,1204.4,-80.26
508,2015-05-25,239.55,1207.4,-80.16
509,2015-05-26,235.59,1264.2,-81.36
510,2015-05-27,235.68,1262.6,-81.33
511,2015-05-28,235.31,1264.5,-81.39
512,2015-05-29,236.44,1264.7,-81.3
513,2015-05-30,235.72,,
514,2015-05-31,232.3,,
515,2015-06-01,228.34,1264.4,-81.94
516,2015-06-02,223.52,1271.8,-82.42
517,2015-06-03,225.19,1263.9,-82.18
518,2015-06-04,225.4,1254.1,-82.03
519,2015-06-05,222.88,1250.6,-82.18
520,2015-06-06,224.76,,
521,2015-06-07,224.99,,
522,2015-06-08,222.28,1256.0,-82.3
523,2015-06-09,227.66,1260.8,-81.94
524,2015-06-10,228.88,1272.6,-82.01
525,2015-06-11,227.8,1266.6,-82.01
526,2015-06-12,229.03,1265.0,-81.89
527,2015-06-13,229.6,,
528,2015-06-14,231.5,,
529,2015-06-15,232.07,1269.8,-81.72
530,2015-06-16,236.0,1263.4,-81.32
531,2015-06-17,249.98,1260.9,-80.17
532,2015-06-18,247.45,1284.8,-80.74
533,2015-06-19,248.26,1283.4,-80.66
534,2015-06-20,243.85,,
535,2015-06-21,244.75,,
536,2015-06-22,243.55,1266.1,-80.76
537,2015-06-23,246.77,1258.8,-80.4
538,2015-06-24,243.86,1255.0,-80.57
539,2015-06-25,240.2,1254.3,-80.85
540,2015-06-26,242.08,1257.1,-80.74
541,2015-06-27,242.98,,
542,2015-06-28,251.21,,
543,2015-06-29,248.57,1262.0,-80.3
544,2015-06-30,256.05,1254.8,-79.59
545,2015-07-01,262.43,1252.5,-79.05
546,2015-07-02,257.78,1245.5,-79.3
547,2015-07-03,254.68,1167.8,-78.19
548,2015-07-04,256.12,,
549,2015-07-05,260.33,,
550,2015-07-06,271.34,1254.6,-78.37
551,2015-07-07,268.53,1233.5,-78.23
552,2015-07-08,265.83,1242.6,-78.61
553,2015-07-09,270.31,1239.1,-78.18
554,2015-07-10,269.0,1240.6,-78.32
555,2015-07-11,284.92,,
556,2015-07-12,291.64,,
557,2015-07-13,310.55,1155.2,-73.12
558,2015-07-14,291.94,1236.4,-76.39
559,2015-07-15,287.92,1230.3,-76.6
560,2015-07-16,285.66,1227.2,-76.72
561,2015-07-17,277.78,1214.7,-77.13
562,2015-07-18,279.43,,
563,2015-07-19,276.74,,
564,2015-07-20,275.47,1189.5,-76.84
565,2015-07-21,279.01,1183.5,-76.43
566,2015-07-22,276.76,1171.6,-76.38
567,2015-07-23,277.97,1174.1,-76.32
568,2015-07-24,276.59,1164.0,-76.24
569,2015-07-25,289.0,,
570,2015-07-26,288.78,,
571,2015-07-27,292.82,1174.6,-75.07
572,2015-07-28,293.93,1174.6,-74.98
573,2015-07-29,293.92,1171.5,-74.91
574,2015-07-30,290.2,1167.4,-75.14
575,2015-07-31,288.45,1167.1,-75.28
576,2015-08-01,284.31,,
577,2015-08-02,280.95,,
578,2015-08-03,282.26,1160.8,-75.68
579,2015-08-04,281.12,1162.7,-75.82
580,2015-08-05,285.0,1161.1,-75.45
581,2015-08-06,281.0,1165.6,-75.89
582,2015-08-07,277.08,1169.8,-76.31
583,2015-08-08,279.32,,
584,2015-08-09,262.22,,
585,2015-08-10,265.05,1179.8,-77.53
586,2015-08-11,264.47,1181.7,-77.62
587,2015-08-12,270.98,1197.0,-77.36
588,2015-08-13,267.53,1189.1,-77.5
589,2015-08-14,264.48,1186.3,-77.71
590,2015-08-15,265.93,,
591,2015-08-16,261.43,,
592,2015-08-17,256.11,1191.9,-78.51
593,2015-08-18,256.66,1190.3,-78.44
594,2015-08-19,222.11,1201.1,-81.51
595,2015-08-20,226.25,1226.2,-81.55
596,2015-08-21,235.31,1230.8,-80.88
597,2015-08-22,233.49,,
598,2015-08-23,231.0,,
599,2015-08-24,228.14,1222.9,-81.34
600,2015-08-25,210.96,1207.7,-82.53
601,2015-08-26,222.13,1193.0,-81.38
602,2015-08-27,225.04,1191.2,-81.11
603,2015-08-28,225.11,1202.4,-81.28
604,2015-08-29,231.52,,
605,2015-08-30,229.63,,
606,2015-08-31,228.39,1200.9,-80.98
607,2015-09-01,230.25,1205.3,-80.9
608,2015-09-02,227.97,1198.4,-80.98
609,2015-09-03,229.26,1187.5,-80.69
610,2015-09-04,227.24,1184.5,-80.82
611,2015-09-05,230.73,,
612,2015-09-06,235.74,1119.9,-78.95
613,2015-09-07,240.2,1119.9,-78.55
614,2015-09-08,240.47,1183.9,-79.69
615,2015-09-09,244.21,1164.7,-79.03
616,2015-09-10,238.3,1171.9,-79.67
617,2015-09-11,238.81,1165.9,-79.52
618,2015-09-12,239.94,,
619,2015-09-13,234.73,,
620,2015-09-14,230.0,1169.7,-80.34
621,2015-09-15,229.71,1164.5,-80.27
622,2015-09-16,229.54,1180.3,-80.55
623,2015-09-17,228.33,1178.9,-80.63
624,2015-09-18,232.17,1198.2,-80.62
625,2015-09-19,232.52,,
626,2015-09-20,230.25,,
627,2015-09-21,230.16,1193.5,-80.72
628,2015-09-22,226.27,1183.7,-80.88
629,2015-09-23,230.42,1190.4,-80.64
630,2015-09-24,229.42,1211.0,-81.06
631,2015-09-25,234.0,1202.9,-80.55
632,2015-09-26,235.22,,
633,2015-09-27,233.99,,
634,2015-09-28,232.41,1188.5,-80.45
635,2015-09-29,239.14,1183.2,-79.79
636,2015-09-30,236.94,1167.7,-79.71
637,2015-10-01,236.17,1166.2,-79.75
638,2015-10-02,238.03,1188.3,-79.97
639,2015-10-03,237.77,,
640,2015-10-04,239.09,,
641,2015-10-05,238.4,1187.6,-79.93
642,2015-10-06,240.6,1195.4,-79.87
643,2015-10-07,246.8,1198.1,-79.4
644,2015-10-08,243.01,1194.0,-79.65
645,2015-10-09,243.01,1206.5,-79.86
646,2015-10-10,244.49,,
647,2015-10-11,245.72,,
648,2015-10-12,248.04,1215.2,-79.59
649,2015-10-13,245.5,1215.8,-79.81
650,2015-10-14,249.98,1227.7,-79.64
651,2015-10-15,252.47,1235.5,-79.57
652,2015-10-16,254.5,1230.7,-79.32
653,2015-10-17,262.26,,
654,2015-10-18,270.04,,
655,2015-10-19,261.04,1220.4,-78.61
656,2015-10-20,263.59,1225.0,-78.48
657,2015-10-21,270.75,1213.8,-77.69
658,2015-10-22,267.97,1212.3,-77.9
659,2015-10-23,274.35,1208.3,-77.29
660,2015-10-24,278.62,,
661,2015-10-25,282.71,,
662,2015-10-26,282.8,1209.9,-76.63
663,2015-10-27,286.69,1207.8,-76.26
664,2015-10-28,295.35,1218.9,-75.77
665,2015-10-29,304.79,1191.4,-74.42
666,2015-10-30,314.81,1184.8,-73.43
667,2015-10-31,328.17,,
668,2015-11-01,310.18,,
669,2015-11-02,325.79,1180.0,-72.39
670,2015-11-03,361.54,1158.2,-68.78
671,2015-11-04,404.5,1150.8,-64.85
672,2015-11-05,408.0,1149.7,-64.51
673,2015-11-06,386.04,1137.5,-66.06
674,2015-11-07,373.69,,
675,2015-11-08,387.02,,
676,2015-11-09,371.08,1138.8,-67.41
677,2015-11-10,380.62,1139.0,-66.58
678,2015-11-11,336.29,1135.0,-70.37
679,2015-11-12,308.98,1130.9,-72.68
680,2015-11-13,340.81,1130.9,-69.86
681,2015-11-14,336.99,,
682,2015-11-15,332.06,,
683,2015-11-16,318.97,1132.1,-71.82
684,2015-11-17,330.72,1116.5,-70.38
685,2015-11-18,336.01,1116.5,-69.91
686,2015-11-19,333.66,1125.2,-70.35
687,2015-11-20,325.9,1123.4,-70.99
688,2015-11-21,322.12,,
689,2015-11-22,326.31,,
690,2015-11-23,323.78,1114.3,-70.94
691,2015-11-24,323.48,1121.2,-71.15
692,2015-11-25,319.64,1118.0,-71.41
693,2015-11-26,328.9,1070.8,-69.28
694,2015-11-27,356.33,1104.1,-67.73
695,2015-11-28,358.0,,
696,2015-11-29,356.4,,
697,2015-11-30,371.0,1113.5,-66.68
698,2015-12-01,377.27,1111.6,-66.06
699,2015-12-02,362.58,1102.0,-67.1
700,2015-12-03,359.08,1110.2,-67.66
701,2015-12-04,361.47,1132.8,-68.09
702,2015-12-05,363.78,,
703,2015-12-06,386.95,,
704,2015-12-07,387.3,1123.9,-65.54
705,2015-12-08,394.87,1123.6,-64.86
706,2015-12-09,413.6,1124.5,-63.22
707,2015-12-10,416.49,1119.9,-62.81
708,2015-12-11,415.15,1123.4,-63.05
709,2015-12-12,450.87,,
710,2015-12-13,436.2,,
711,2015-12-14,433.39,1111.0,-60.99
712,2015-12-15,443.78,1109.4,-60.0
713,2015-12-16,463.98,1124.9,-58.75
714,2015-12-17,455.47,1097.7,-58.51
715,2015-12-18,456.58,1112.9,-58.97
716,2015-12-19,463.0,,
717,2015-12-20,461.75,,
718,2015-12-21,442.54,1130.1,-60.84
719,2015-12-22,438.35,1123.6,-60.99
720,2015-12-23,435.28,1117.8,-61.06
721,2015-12-24,442.54,1125.5,-60.68
722,2015-12-25,456.0,,
723,2015-12-26,455.5,,
724,2015-12-27,417.11,,
725,2015-12-28,422.42,1117.7,-62.21
726,2015-12-29,420.97,1118.2,-62.35
727,2015-12-30,433.23,1110.4,-60.98
728,2015-12-31,428.23,1110.6,-61.44
729,2016-01-01,430.89,,
730,2016-01-02,434.75,,
731,2016-01-03,432.76,,
732,2016-01-04,430.78,1125.3,-61.72
733,2016-01-05,434.17,1128.2,-61.52
734,2016-01-06,432.43,1141.7,-62.12
735,2016-01-07,429.26,1152.5,-62.75
736,2016-01-08,458.66,1141.8,-59.83
737,2016-01-09,452.64,,
738,2016-01-10,448.47,,
739,2016-01-11,448.43,1138.6,-60.62
740,2016-01-12,447.98,1127.2,-60.26
741,2016-01-13,437.0,1127.5,-61.24
742,2016-01-14,432.63,1113.1,-61.13
743,2016-01-15,429.55,1127.6,-61.91
744,2016-01-16,363.75,,
745,2016-01-17,387.87,1090.3,-64.43
746,2016-01-18,380.16,1088.5,-65.07
747,2016-01-19,385.49,1125.9,-65.76
748,2016-01-20,377.41,1141.8,-66.95
749,2016-01-21,420.35,1133.7,-62.92
750,2016-01-22,409.62,1132.7,-63.84
751,2016-01-23,381.5,,
752,2016-01-24,385.09,,
753,2016-01-25,403.19,1142.5,-64.71
754,2016-01-26,390.92,1157.4,-66.22
755,2016-01-27,391.66,1154.0,-66.06
756,2016-01-28,394.36,1153.8,-65.82
757,2016-01-29,379.82,1152.0,-67.03
758,2016-01-30,378.18,,
759,2016-01-31,376.6,,
760,2016-02-01,367.86,1163.6,-68.39
761,2016-02-02,371.99,1161.6,-67.98
762,2016-02-03,373.05,1174.8,-68.25
763,2016-02-04,368.46,1189.2,-69.02
764,2016-02-05,388.0,1189.5,-67.38
765,2016-02-06,384.07,,
766,2016-02-07,375.29,,
767,2016-02-08,375.0,1229.7,-69.5
768,2016-02-09,371.55,1228.4,-69.75
769,2016-02-10,373.46,1224.1,-69.49
770,2016-02-11,379.14,1273.6,-70.23
771,2016-02-12,378.02,1262.7,-70.06
772,2016-02-13,382.62,,
773,2016-02-14,389.88,1233.6,-68.39
774,2016-02-15,405.08,1208.1,-66.47
775,2016-02-16,399.21,1232.6,-67.61
776,2016-02-17,407.0,1238.7,-67.14
777,2016-02-18,414.87,1254.0,-66.92
778,2016-02-19,420.53,1258.9,-66.6
779,2016-02-20,419.98,,
780,2016-02-21,435.19,,
781,2016-02-22,438.0,1238.2,-64.63
782,2016-02-23,436.76,1252.9,-65.14
783,2016-02-24,419.25,1268.6,-66.95
784,2016-02-25,423.79,1268.5,-66.59
785,2016-02-26,423.46,1250.3,-66.13
786,2016-02-27,430.0,,
787,2016-02-28,431.59,,
788,2016-02-29,431.89,1264.8,-65.85
789,2016-03-01,436.75,1262.7,-65.41
790,2016-03-02,433.66,1274.5,-65.97
791,2016-03-03,422.5,1292.2,-67.3
792,2016-03-04,420.06,1307.1,-67.86
793,2016-03-05,408.4,,
794,2016-03-06,399.17,,
795,2016-03-07,405.69,1301.8,-68.84
796,2016-03-08,412.37,1300.5,-68.29
797,2016-03-09,412.15,1294.9,-68.17
798,2016-03-10,412.84,1311.6,-68.52
799,2016-03-11,416.0,1300.1,-68.0
800,2016-03-12,420.11,,
801,2016-03-13,409.9,,
802,2016-03-14,412.85,1285.9,-67.89
803,2016-03-15,414.99,1271.7,-67.37
804,2016-03-16,415.7,1272.4,-67.33
805,2016-03-17,416.64,1305.6,-68.09
806,2016-03-18,418.49,1293.5,-67.65
807,2016-03-19,407.96,,
808,2016-03-20,409.11,,
809,2016-03-21,411.81,1284.2,-67.93
810,2016-03-22,411.95,1290.3,-68.07
811,2016-03-23,416.39,1265.5,-67.1
812,2016-03-24,417.96,1263.9,-66.93
813,2016-03-25,415.17,1216.7,-65.88
814,2016-03-26,415.98,,
815,2016-03-27,416.96,,
816,2016-03-28,425.0,1262.2,-66.33
817,2016-03-29,422.86,1277.8,-66.91
818,2016-03-30,415.83,1268.4,-67.22
819,2016-03-31,413.74,1272.4,-67.48
820,2016-04-01,414.83,1260.4,-67.09
821,2016-04-02,416.31,,
822,2016-04-03,419.13,,
823,2016-04-04,418.51,1256.2,-66.68
824,2016-04-05,419.71,1266.0,-66.85
825,2016-04-06,421.66,1260.3,-66.54
826,2016-04-07,421.6,1273.8,-66.9
827,2016-04-08,419.95,1278.8,-67.16
828,2016-04-09,417.86,,
829,2016-04-10,418.58,,
830,2016-04-11,420.75,1293.9,-67.48
831,2016-04-12,422.63,1297.9,-67.44
832,2016-04-13,425.69,1285.4,-66.88
833,2016-04-14,423.87,1263.6,-66.46
834,2016-04-15,424.38,1271.2,-66.62
835,2016-04-16,429.45,,
836,2016-04-17,430.58,,
837,2016-04-18,427.31,1271.8,-66.4
838,2016-04-19,427.42,1292.3,-66.93
839,2016-04-20,435.95,1293.8,-66.3
840,2016-04-21,441.82,1291.0,-65.78
841,2016-04-22,451.0,1270.3,-64.5
842,2016-04-23,447.7,,
843,2016-04-24,451.92,,
844,2016-04-25,460.03,1280.6,-64.08
845,2016-04-26,462.5,1283.9,-63.98
846,2016-04-27,467.55,1291.3,-63.79
847,2016-04-28,445.29,1308.1,-65.96
848,2016-04-29,449.98,1332.7,-66.24
849,2016-04-30,455.97,,
850,2016-05-01,448.84,,
851,2016-05-02,453.0,1338.6,-66.16
852,2016-05-03,443.84,1334.1,-66.73
853,2016-05-04,450.61,1315.6,-65.75
854,2016-05-05,446.84,1311.1,-65.92
855,2016-05-06,449.37,1333.4,-66.3
856,2016-05-07,458.98,,
857,2016-05-08,459.02,,
858,2016-05-09,458.31,1306.2,-64.91
859,2016-05-10,460.66,1304.6,-64.69
860,2016-05-11,450.78,1315.9,-65.74
861,2016-05-12,452.84,1311.0,-65.46
862,2016-05-13,454.26,1312.8,-65.4
863,2016-05-14,455.82,,
864,2016-05-15,456.31,,
865,2016-05-16,457.34,1315.1,-65.22
866,2016-05-17,454.0,1318.2,-65.56
867,2016-05-18,453.08,1317.6,-65.61
868,2016-05-19,452.99,1299.2,-65.13
869,2016-05-20,436.05,1299.2,-66.44
870,2016-05-21,442.52,,
871,2016-05-22,443.21,,
872,2016-05-23,438.47,1298.2,-66.22
873,2016-05-24,442.99,1276.0,-65.28
874,2016-05-25,444.1,1270.7,-65.05
875,2016-05-26,448.7,1266.9,-64.58
876,2016-05-27,452.05,1260.9,-64.15
877,2016-05-28,469.98,,
878,2016-05-29,526.64,,
879,2016-05-30,511.3,1212.15,-57.82
880,2016-05-31,526.42,1262.6,-58.31
881,2016-06-01,531.97,1260.5,-57.8
882,2016-06-02,538.37,1258.2,-57.21
883,2016-06-03,538.0,1287.9,-58.23
884,2016-06-04,567.88,,
885,2016-06-05,573.85,,
886,2016-06-06,573.91,1292.7,-55.6
887,2016-06-07,583.72,1292.1,-54.82
888,2016-06-08,578.07,1307.3,-55.78
889,2016-06-09,583.1,1317.7,-55.75
890,2016-06-10,574.32,1321.0,-56.52
891,2016-06-11,577.95,,
892,2016-06-12,608.01,,
893,2016-06-13,665.85,1331.6,-50.0
894,2016-06-14,704.5,1329.1,-46.99
895,2016-06-15,685.19,1329.2,-48.45
896,2016-06-16,693.88,1339.8,-48.21
897,2016-06-17,765.0,1337.1,-42.79
898,2016-06-18,746.63,,
899,2016-06-19,751.96,,
900,2016-06-20,759.35,1337.7,-43.23
901,2016-06-21,724.04,1318.1,-45.07
902,2016-06-22,664.46,1315.6,-49.49
903,2016-06-23,592.81,1311.2,-54.79
904,2016-06-24,622.08,1370.3,-54.6
905,2016-06-25,665.0,,
906,2016-06-26,660.44,,
907,2016-06-27,630.19,1372.3,-54.08
908,2016-06-28,651.85,1365.7,-52.27
909,2016-06-29,645.15,1374.9,-53.08
910,2016-06-30,635.99,1368.5,-53.53
911,2016-07-01,667.95,1387.8,-51.87
912,2016-07-02,675.63,,
913,2016-07-03,701.41,1345.5,-47.87
914,2016-07-04,656.97,1352.0,-51.41
915,2016-07-05,681.98,1407.9,-51.56
916,2016-07-06,668.0,1416.3,-52.83
917,2016-07-07,673.76,1409.3,-52.19
918,2016-07-08,638.5,1406.3,-54.6
919,2016-07-09,663.0,,
920,2016-07-10,647.41,,
921,2016-07-11,648.35,1405.6,-53.87
922,2016-07-12,649.33,1385.0,-53.12
923,2016-07-13,664.5,1393.3,-52.31
924,2016-07-14,652.87,1382.0,-52.76
925,2016-07-15,659.12,1377.8,-52.16
926,2016-07-16,663.19,,
927,2016-07-17,661.32,,
928,2016-07-18,679.58,1379.7,-50.74
929,2016-07-19,673.46,1384.9,-51.37
930,2016-07-20,674.95,1372.3,-50.82
931,2016-07-21,667.5,1384.8,-51.8
932,2016-07-22,664.0,1378.1,-51.82
933,2016-07-23,649.75,,
934,2016-07-24,655.53,,
935,2016-07-25,661.48,1373.9,-51.85
936,2016-07-26,654.98,1375.2,-52.37
937,2016-07-27,651.16,1384.1,-52.95
938,2016-07-28,655.37,1390.9,-52.88
939,2016-07-29,655.54,1407.8,-53.44
940,2016-07-30,654.88,,
941,2016-07-31,654.68,,
942,2016-08-01,623.91,1408.3,-55.7
943,2016-08-02,605.56,1421.5,-57.4
944,2016-08-03,530.74,1416.0,-62.52
945,2016-08-04,564.01,1420.0,-60.28
946,2016-08-05,577.44,1400.0,-58.75
947,2016-08-06,572.72,,
948,2016-08-07,589.5,,
949,2016-08-08,592.56,1397.4,-57.6
950,2016-08-09,591.69,1402.7,-57.82
951,2016-08-10,584.98,1407.7,-58.44
952,2016-08-11,591.5,1406.1,-57.93
953,2016-08-12,586.01,1398.9,-58.11
954,2016-08-13,585.91,,
955,2016-08-14,583.34,,
956,2016-08-15,567.34,1402.7,-59.55
957,2016-08-16,565.69,1411.1,-59.91
958,2016-08-17,574.94,1402.7,-59.01
959,2016-08-18,570.92,1411.2,-59.54
960,2016-08-19,570.3,1400.1,-59.27
961,2016-08-20,572.84,,
962,2016-08-21,577.52,,
963,2016-08-22,577.24,1397.3,-58.69
964,2016-08-23,583.3,1399.9,-58.33
965,2016-08-24,581.98,1382.5,-57.9
966,2016-08-25,578.75,1376.1,-57.94
967,2016-08-26,575.75,1375.3,-58.14
968,2016-08-27,577.77,,
969,2016-08-28,567.2,,
970,2016-08-29,573.2,1376.5,-58.36
971,2016-08-30,571.5,1366.6,-58.18
972,2016-08-31,575.97,1360.0,-57.65
973,2016-09-01,570.76,1364.9,-58.18
974,2016-09-02,571.0,1377.6,-58.55
975,2016-09-03,572.0,,
976,2016-09-04,595.01,1326.25,-55.14
977,2016-09-05,603.95,1331.1,-54.63
978,2016-09-06,604.99,1403.4,-56.89
979,2016-09-07,608.16,1399.4,-56.54
980,2016-09-08,615.33,1392.5,-55.81
981,2016-09-09,625.06,1385.4,-54.88
982,2016-09-10,622.0,,
983,2016-09-11,621.65,,
984,2016-09-12,604.02,1376.7,-56.13
985,2016-09-13,608.01,1373.1,-55.72
986,2016-09-14,608.82,1375.6,-55.74
987,2016-09-15,608.99,1367.2,-55.46
988,2016-09-16,606.72,1359.4,-55.37
989,2016-09-17,607.04,,
990,2016-09-18,604.09,,
991,2016-09-19,607.31,1366.7,-55.56
992,2016-09-20,608.66,1367.1,-55.48
993,2016-09-21,605.5,1380.7,-56.15
994,2016-09-22,595.46,1392.1,-57.23
995,2016-09-23,594.08,1389.0,-57.23
996,2016-09-24,600.7,,
997,2016-09-25,599.33,,
998,2016-09-26,598.98,1391.8,-56.96
999,2016-09-27,606.79,1377.8,-55.96
1000,2016-09-28,604.26,1370.4,-55.91
1001,2016-09-29,603.85,1372.8,-56.01
1002,2016-09-30,604.13,1364.1,-55.71
1003,2016-10-01,608.38,,
1004,2016-10-02,612.98,,
1005,2016-10-03,608.6,1359.6,-55.24
1006,2016-10-04,612.98,1315.8,-53.41
1007,2016-10-05,607.18,1315.0,-53.83
1008,2016-10-06,608.0,1299.2,-53.2
1009,2016-10-07,609.41,1298.2,-53.06
1010,2016-10-08,614.74,,
1011,2016-10-09,614.46,,
1012,2016-10-10,613.06,1307.6,-53.12
1013,2016-10-11,614.77,1303.2,-52.83
1014,2016-10-12,638.3,1301.4,-50.95
1015,2016-10-13,635.16,1306.0,-51.37
1016,2016-10-14,634.02,1304.1,-51.38
1017,2016-10-15,638.2,,
1018,2016-10-16,636.86,,
1019,2016-10-17,638.97,1305.5,-51.06
1020,2016-10-18,635.54,1312.3,-51.57
1021,2016-10-19,635.95,1319.0,-51.79
1022,2016-10-20,627.72,1317.3,-52.35
1023,2016-10-21,628.89,1316.8,-52.24
1024,2016-10-22,629.0,,
1025,2016-10-23,653.25,,
1026,2016-10-24,649.69,1311.0,-50.44
1027,2016-10-25,643.93,1323.9,-51.36
1028,2016-10-26,651.45,1316.9,-50.53
1029,2016-10-27,674.63,1322.1,-48.97
1030,2016-10-28,685.0,1329.2,-48.47
1031,2016-10-29,685.91,,
1032,2016-10-30,712.0,,
1033,2016-10-31,697.23,1325.8,-47.41
1034,2016-11-01,697.01,1340.6,-48.01
1035,2016-11-02,726.6,1360.6,-46.6
1036,2016-11-03,741.12,1356.4,-45.36
1037,2016-11-04,683.69,1358.3,-49.67
1038,2016-11-05,702.71,,
1039,2016-11-06,703.48,,
1040,2016-11-07,709.96,1333.0,-46.74
1041,2016-11-08,703.23,1328.8,-47.08
1042,2016-11-09,708.15,1328.3,-46.69
1043,2016-11-10,721.5,1319.2,-45.31
1044,2016-11-11,714.48,1275.3,-43.98
1045,2016-11-12,716.2,,
1046,2016-11-13,702.28,,
1047,2016-11-14,700.38,1278.7,-45.23
1048,2016-11-15,705.03,1282.7,-45.04
1049,2016-11-16,711.73,1282.1,-44.49
1050,2016-11-17,739.42,1275.6,-42.03
1051,2016-11-18,736.84,1268.2,-41.9
1052,2016-11-19,748.98,,
1053,2016-11-20,750.71,,
1054,2016-11-21,727.09,1268.6,-42.69
1055,2016-11-22,736.97,1269.8,-41.96
1056,2016-11-23,749.26,1248.7,-40.0
1057,2016-11-24,740.17,1185.55,-37.57
1058,2016-11-25,735.64,1237.3,-40.54
1059,2016-11-26,737.07,,
1060,2016-11-27,729.91,,
1061,2016-11-28,727.31,1250.4,-41.83
1062,2016-11-29,729.45,1247.3,-41.52
1063,2016-11-30,730.02,1230.2,-40.66
1064,2016-12-01,742.05,1225.5,-39.45
1065,2016-12-02,750.81,1234.2,-39.17
1066,2016-12-03,769.99,,
1067,2016-12-04,762.97,,
1068,2016-12-05,762.0,1233.5,-38.22
1069,2016-12-06,750.59,1226.8,-38.82
1070,2016-12-07,758.99,1240.4,-38.81
1071,2016-12-08,766.48,1236.2,-38.0
1072,2016-12-09,767.28,1225.8,-37.41
1073,2016-12-10,769.08,,
1074,2016-12-11,772.28,,
1075,2016-12-12,768.19,1230.1,-37.55
1076,2016-12-13,777.99,1223.4,-36.41
1077,2016-12-14,778.49,1228.1,-36.61
1078,2016-12-15,777.09,1201.3,-35.31
1079,2016-12-16,775.88,1209.1,-35.83
1080,2016-12-17,781.32,,
1081,2016-12-18,787.28,,
1082,2016-12-19,788.67,1214.1,-35.04
1083,2016-12-20,791.03,1205.2,-34.37
1084,2016-12-21,801.51,1204.7,-33.47
1085,2016-12-22,834.97,1202.0,-30.53
1086,2016-12-23,860.18,1205.0,-28.62
1087,2016-12-24,913.93,,
1088,2016-12-25,892.6,1135.0,-21.36
1089,2016-12-26,890.99,1134.55,-21.47
1090,2016-12-27,896.82,1210.1,-25.89
1091,2016-12-28,930.34,1212.2,-23.25
1092,2016-12-29,975.89,1229.4,-20.62
1093,2016-12-30,970.35,1222.7,-20.64
1094,2016-12-31,958.12,,
1095,2017-01-01,964.84,,
1096,2017-01-02,997.36,1151.05,-13.35
1097,2017-01-03,1013.42,1232.9,-17.8
1098,2017-01-04,1037.83,1235.3,-15.99
1099,2017-01-05,1109.16,1250.3,-11.29
1100,2017-01-06,999.65,1243.9,-19.64
1101,2017-01-07,891.95,,
1102,2017-01-08,906.16,,
1103,2017-01-09,910.49,1255.8,-27.5
1104,2017-01-10,896.92,1256.7,-28.63
1105,2017-01-11,903.66,1268.2,-28.74
1106,2017-01-12,780.92,1271.5,-38.58
1107,2017-01-13,805.52,1269.5,-36.55
1108,2017-01-14,825.0,,
1109,2017-01-15,819.55,1203.35,-31.89
1110,2017-01-16,822.01,1202.85,-31.66
1111,2017-01-17,830.56,1285.6,-35.4
1112,2017-01-18,906.6,1283.9,-29.39
1113,2017-01-19,885.44,1273.7,-30.48
1114,2017-01-20,903.1,1277.4,-29.3
1115,2017-01-21,895.64,,
1116,2017-01-22,921.99,,
1117,2017-01-23,922.33,1287.1,-28.34
1118,2017-01-24,919.97,1282.3,-28.26
1119,2017-01-25,883.59,1269.3,-30.39
1120,2017-01-26,893.14,1261.1,-29.18
1121,2017-01-27,915.05,1259.9,-27.37
1122,2017-01-28,918.01,,
1123,2017-01-29,918.62,,
1124,2017-01-30,912.19,1264.6,-27.87
1125,2017-01-31,920.0,1280.0,-28.12
1126,2017-02-01,964.1,1277.7,-24.54
1127,2017-02-02,983.42,1288.8,-23.69
1128,2017-02-03,1008.67,1290.4,-21.83
1129,2017-02-04,1015.65,,
1130,2017-02-05,1034.07,,
1131,2017-02-06,1011.08,1301.5,-22.31
1132,2017-02-07,1023.96,1304.6,-21.51
1133,2017-02-08,1052.84,1306.5,-19.42
1134,2017-02-09,1050.7,1303.6,-19.4
1135,2017-02-10,985.34,1302.7,-24.36
1136,2017-02-11,997.59,,
1137,2017-02-12,1012.46,,
1138,2017-02-13,1000.74,1293.1,-22.61
1139,2017-02-14,1001.2,1293.1,-22.57
1140,2017-02-15,1007.08,1302.4,-22.68
1141,2017-02-16,1011.25,1310.9,-22.86
1142,2017-02-17,1035.2,1307.6,-20.83
1143,2017-02-18,1054.55,,
1144,2017-02-19,1056.0,1237.3,-14.65
1145,2017-02-20,1050.87,1238.2,-15.13
1146,2017-02-21,1084.06,1307.4,-17.08
1147,2017-02-22,1125.0,1301.5,-13.56
1148,2017-02-23,1130.01,1319.9,-14.39
1149,2017-02-24,1187.41,1326.6,-10.49
1150,2017-02-25,1180.14,,
1151,2017-02-26,1150.37,,
1152,2017-02-27,1180.46,1327.3,-11.06
1153,2017-02-28,1194.17,1322.5,-9.7
1154,2017-03-01,1190.89,1319.3,-9.73
1155,2017-03-02,1224.98,1302.1,-5.92
1156,2017-03-03,1257.6,1297.0,-3.04
1157,2017-03-04,1287.0,,
1158,2017-03-05,1262.2,,
1159,2017-03-06,1271.04,1295.5,-1.89
1160,2017-03-07,1279.5,1285.9,-0.5
1161,2017-03-08,1233.88,1280.1,-3.61
1162,2017-03-09,1155.11,1273.9,-9.32
1163,2017-03-10,1192.09,1272.2,-6.3
1164,2017-03-11,1104.94,,
1165,2017-03-12,1176.59,,
1166,2017-03-13,1227.68,1274.8,-3.7
1167,2017-03-14,1240.72,1274.5,-2.65
1168,2017-03-15,1246.72,1272.5,-2.03
1169,2017-03-16,1257.0,1298.9,-3.23
1170,2017-03-17,1170.2,1301.8,-10.11
1171,2017-03-18,1068.3,,
1172,2017-03-19,967.69,,
1173,2017-03-20,1010.99,1305.4,-22.55
1174,2017-03-21,1031.5,1317.2,-21.69
1175,2017-03-22,1113.0,1319.7,-15.66
1176,2017-03-23,1030.2,1316.7,-21.76
1177,2017-03-24,1029.99,1318.6,-21.89
1178,2017-03-25,927.93,,
1179,2017-03-26,961.81,,
1180,2017-03-27,959.47,1325.6,-27.62
1181,2017-03-28,1041.04,1325.7,-21.47
1182,2017-03-29,1042.77,1323.7,-21.22
1183,2017-03-30,1039.77,1314.9,-20.92
1184,2017-03-31,1034.74,1318.0,-21.49
1185,2017-04-01,1073.09,,
1186,2017-04-02,1082.81,,
1187,2017-04-03,1079.99,1320.9,-18.24
1188,2017-04-04,1146.98,1325.0,-13.44
1189,2017-04-05,1141.23,1315.4,-13.24
1190,2017-04-06,1133.53,1320.3,-14.15
1191,2017-04-07,1193.73,1324.7,-9.89
1192,2017-04-08,1190.22,,
1193,2017-04-09,1184.03,,
1194,2017-04-10,1206.18,1321.2,-8.71
1195,2017-04-11,1209.99,1341.3,-9.79
1196,2017-04-12,1219.09,1345.2,-9.37
1197,2017-04-13,1212.17,1354.6,-10.51
1198,2017-04-14,1174.43,1289.65,-8.93
1199,2017-04-15,1170.36,,
1200,2017-04-16,1190.5,,
1201,2017-04-17,1161.1,1357.7,-14.48
1202,2017-04-18,1176.97,1358.8,-13.38
1203,2017-04-19,1201.2,1348.4,-10.92
1204,2017-04-20,1205.0,1349.6,-10.71
1205,2017-04-21,1236.63,1354.9,-8.73
1206,2017-04-22,1243.61,,
1207,2017-04-23,1233.24,,
1208,2017-04-24,1240.84,1343.7,-7.65
1209,2017-04-25,1253.57,1333.9,-6.02
1210,2017-04-26,1272.67,1330.9,-4.38
1211,2017-04-27,1288.02,1332.6,-3.35
1212,2017-04-28,1330.33,1335.0,-0.35
1213,2017-04-29,1330.7,,
1214,2017-04-30,1333.0,,
1215,2017-05-01,1354.8,1322.5,2.44
1216,2017-05-02,1390.86,1324.0,5.05
1217,2017-05-03,1447.55,1315.5,10.04
1218,2017-05-04,1501.0,1295.3,15.88
1219,2017-05-05,1537.23,1293.7,18.82
1220,2017-05-06,1518.75,,
1221,2017-05-07,1554.04,,
1222,2017-05-08,1558.74,1294.0,20.46
1223,2017-05-09,1651.1,1283.0,28.69
1224,2017-05-10,1720.26,1285.5,33.82
1225,2017-05-11,1774.52,1290.8,37.47
1226,2017-05-12,1829.0,1293.6,41.39
1227,2017-05-13,1692.88,,
1228,2017-05-14,1770.8,,
1229,2017-05-15,1780.0,1295.9,37.36
1230,2017-05-16,1717.91,1302.3,31.91
1231,2017-05-17,1708.99,1324.1,29.07
1232,2017-05-18,1783.98,1317.1,35.45
1233,2017-05-19,1879.99,1317.8,42.66
1234,2017-05-20,1957.38,,
1235,2017-05-21,2008.84,,
1236,2017-05-22,2017.55,1325.9,52.16
1237,2017-05-23,2099.98,1320.0,59.09
1238,2017-05-24,2256.32,1317.6,71.24
1239,2017-05-25,2421.49,1321.2,83.28
1240,2017-05-26,2277.01,1332.7,70.86
1241,2017-05-27,2279.82,,
1242,2017-05-28,2047.76,1268.22,61.47
1243,2017-05-29,2177.38,1266.69,71.9
1244,2017-05-30,2290.02,1327.0,72.57
1245,2017-05-31,2204.89,1336.4,64.99
1246,2017-06-01,2298.01,1331.1,72.64
1247,2017-06-02,2409.93,1341.0,79.71
1248,2017-06-03,2488.98,,
1249,2017-06-04,2541.29,,
1250,2017-06-05,2529.53,1343.5,88.28
1251,2017-06-06,2699.12,1357.9,98.77
1252,2017-06-07,2872.3,1353.5,112.21
1253,2017-06-08,2683.03,1339.8,100.26
1254,2017-06-09,2809.01,1331.8,110.92
1255,2017-06-10,2825.14,,
1256,2017-06-11,2898.63,,
1257,2017-06-12,2954.96,1329.4,122.28
1258,2017-06-13,2656.97,1329.1,99.91
1259,2017-06-14,2706.0,1336.1,102.53
1260,2017-06-15,2445.0,1314.7,85.97
1261,2017-06-16,2424.8,1316.6,84.17
1262,2017-06-17,2477.94,,
1263,2017-06-18,2629.76,,
1264,2017-06-19,2522.0,1306.9,92.98
1265,2017-06-20,2600.0,1303.3,99.49
1266,2017-06-21,2740.0,1305.3,109.91
1267,2017-06-22,2658.69,1308.7,103.16
1268,2017-06-23,2713.48,1316.0,106.19
1269,2017-06-24,2685.05,,
1270,2017-06-25,2557.0,,
1271,2017-06-26,2502.03,1306.0,91.58
1272,2017-06-27,2430.0,1306.7,85.96
1273,2017-06-28,2558.11,1309.1,95.41
1274,2017-06-29,2558.3,1306.0,95.89
1275,2017-06-30,2541.69,1302.3,95.17
1276,2017-07-01,2476.63,,
1277,2017-07-02,2421.26,,
1278,2017-07-03,2512.71,1279.2,96.43
1279,2017-07-04,2549.93,1227.55,107.73
1280,2017-07-05,2598.89,1282.2,102.69
1281,2017-07-06,2600.0,1285.0,102.33
1282,2017-07-07,2599.67,1270.7,104.59
1283,2017-07-08,2502.86,,
1284,2017-07-09,2555.14,,
1285,2017-07-10,2509.58,1274.3,96.94
1286,2017-07-11,2327.09,1276.0,82.37
1287,2017-07-12,2310.93,1279.5,80.61
1288,2017-07-13,2388.0,1276.8,87.03
1289,2017-07-14,2338.49,1287.1,81.69
1290,2017-07-15,2216.1,,
1291,2017-07-16,1972.29,,
1292,2017-07-17,1910.96,1293.7,47.71
1293,2017-07-18,2220.07,1301.8,70.54
1294,2017-07-19,2300.01,1302.0,76.65
1295,2017-07-20,2265.21,1305.4,73.53
1296,2017-07-21,2840.0,1314.2,116.1
1297,2017-07-22,2672.95,,
1298,2017-07-23,2825.51,,
1299,2017-07-24,2748.36,1313.7,109.21
1300,2017-07-25,2759.58,1311.5,110.41
1301,2017-07-26,2564.3,1310.1,95.73
1302,2017-07-27,2516.93,1321.4,90.47
1303,2017-07-28,2656.53,1330.3,99.69
1304,2017-07-29,2784.8,,
1305,2017-07-30,2704.53,,
1306,2017-07-31,2738.92,1328.4,106.18
1307,2017-08-01,2862.9,1334.1,114.59
1308,2017-08-02,2731.34,1333.3,104.86
1309,2017-08-03,2699.39,1329.4,103.05
1310,2017-08-04,2790.0,1319.5,111.44
1311,2017-08-05,2856.52,,
1312,2017-08-06,3250.77,,
1313,2017-08-07,3210.2,1319.8,143.23
1314,2017-08-08,3380.5,1318.2,156.45
1315,2017-08-09,3408.75,1334.8,155.38
1316,2017-08-10,3340.28,1345.6,148.24
1317,2017-08-11,3413.41,1349.2,153.0
1318,2017-08-12,3650.0,,
1319,2017-08-13,3868.52,,
1320,2017-08-14,4073.76,1345.9,202.68
1321,2017-08-15,4315.66,1335.3,223.2
1322,2017-08-16,4179.97,1338.6,212.26
1323,2017-08-17,4375.8,1347.8,224.66
1324,2017-08-18,4279.79,1346.7,217.8
1325,2017-08-19,4104.71,,
1326,2017-08-20,4146.09,,
1327,2017-08-21,4054.6,1352.0,199.9
1328,2017-08-22,3986.28,1346.5,196.05
1329,2017-08-23,4090.89,1349.7,203.1
1330,2017-08-24,4133.67,1346.9,206.9
1331,2017-08-25,4331.77,1352.8,220.21
1332,2017-08-26,4357.77,,
1333,2017-08-27,4339.82,,
1334,2017-08-28,4339.05,1370.6,216.58
1335,2017-08-29,4376.66,1373.7,218.6
1336,2017-08-30,4594.54,1368.9,235.64
1337,2017-08-31,4582.52,1376.5,232.91
1338,2017-09-01,4732.87,1385.1,241.7
1339,2017-09-02,4908.41,,
1340,2017-09-03,4585.57,1341.22,241.9
1341,2017-09-04,4603.54,1338.08,244.04
1342,2017-09-05,4202.91,1399.2,200.38
1343,2017-09-06,4385.02,1393.9,214.59
1344,2017-09-07,4612.12,1406.0,228.03
1345,2017-09-08,4613.84,1407.3,227.85
1346,2017-09-09,4312.26,,
1347,2017-09-10,4330.87,,
1348,2017-09-11,4232.93,1392.1,204.07
1349,2017-09-12,4198.59,1389.8,202.1
1350,2017-09-13,4169.94,1384.7,201.14
1351,2017-09-14,3865.22,1387.2,178.63
1352,2017-09-15,3216.43,1383.1,132.55
1353,2017-09-16,3707.5,,
1354,2017-09-17,3689.11,,
1355,2017-09-18,3678.53,1368.3,168.84
1356,2017-09-19,4092.07,1370.3,198.63
1357,2017-09-20,3899.35,1376.0,183.38
1358,2017-09-21,3894.48,1354.4,187.54
1359,2017-09-22,3600.92,1357.1,165.34
1360,2017-09-23,3604.79,,
1361,2017-09-24,3777.62,,
1362,2017-09-25,3666.31,1371.2,167.38
1363,2017-09-26,3931.98,1361.8,188.73
1364,2017-09-27,3881.0,1348.4,187.82
1365,2017-09-28,4204.51,1349.0,211.68
1366,2017-09-29,4189.38,1345.3,211.41
1367,2017-09-30,4164.27,,
1368,2017-10-01,4354.16,,
1369,2017-10-02,4405.01,1337.1,229.45
1370,2017-10-03,4394.07,1335.8,228.95
1371,2017-10-04,4308.33,1338.0,222.0
1372,2017-10-05,4211.55,1335.3,215.4
1373,2017-10-06,4318.58,1337.0,223.01
1374,2017-10-07,4369.57,,
1375,2017-10-08,4439.46,,
1376,2017-10-09,4605.66,1347.4,241.82
1377,2017-10-10,4773.84,1356.4,251.95
1378,2017-10-11,4776.5,1351.5,253.42
1379,2017-10-12,4822.17,1359.3,254.75
1380,2017-10-13,5435.75,1367.4,297.52
1381,2017-10-14,5636.24,,
1382,2017-10-15,5825.99,,
1383,2017-10-16,5691.69,1366.7,316.45
1384,2017-10-17,5764.24,1349.5,327.14
1385,2017-10-18,5594.66,1346.3,315.56
1386,2017-10-19,5571.92,1352.9,311.85
1387,2017-10-20,5697.16,1343.2,324.15
1388,2017-10-21,5986.44,,
1389,2017-10-22,6012.65,,
1390,2017-10-23,5982.49,1343.9,345.16
1391,2017-10-24,5900.59,1341.2,339.95
1392,2017-10-25,5510.76,1342.5,310.48
1393,2017-10-26,5732.35,1333.1,330.0
1394,2017-10-27,5889.82,1335.1,341.15
1395,2017-10-28,5769.89,,
1396,2017-10-29,5728.65,,
1397,2017-10-30,6136.49,1340.9,357.64
1398,2017-10-31,6133.16,1333.7,359.86
1399,2017-11-01,6416.07,1340.6,378.6
1400,2017-11-02,6751.98,1341.4,403.35
1401,2017-11-03,7024.56,1332.9,427.01
1402,2017-11-04,7213.04,,
1403,2017-11-05,7365.99,,
1404,2017-11-06,7392.51,1345.7,449.34
1405,2017-11-07,6960.58,1339.9,419.49
1406,2017-11-08,7128.64,1348.3,428.71
1407,2017-11-09,7468.44,1352.8,452.07
1408,2017-11-10,7092.42,1340.5,429.09
1409,2017-11-11,6569.22,,
1410,2017-11-12,6340.89,,
1411,2017-11-13,5890.08,1346.4,337.47
1412,2017-11-14,6493.63,1350.2,380.94
1413,2017-11-15,6592.73,1344.7,390.28
1414,2017-11-16,7279.78,1345.4,441.09
1415,2017-11-17,7868.77,1364.0,476.89
1416,2017-11-18,7718.2,,
1417,2017-11-19,7791.3,,
1418,2017-11-20,8049.72,1343.6,499.12
1419,2017-11-21,8242.81,1350.8,510.22
1420,2017-11-22,8095.88,1361.4,494.67
1421,2017-11-23,8236.72,1291.66,537.68
1422,2017-11-24,8043.31,1356.6,492.9
1423,2017-11-25,8212.78,,
1424,2017-11-26,8768.8,,
1425,2017-11-27,9311.7,1363.7,582.83
1426,2017-11-28,9717.32,1364.0,612.41
1427,2017-11-29,9919.0,1351.4,633.98
1428,2017-11-30,9646.35,1342.3,618.64
1429,2017-12-01,9988.19,1347.8,641.07
1430,2017-12-02,10879.88,,
1431,2017-12-03,10912.87,,
1432,2017-12-04,11179.52,1343.0,732.43
1433,2017-12-05,11591.22,1330.1,771.45
1434,2017-12-06,11660.41,1331.2,775.93
1435,2017-12-07,13843.93,1318.0,950.37
1436,2017-12-08,16860.88,1313.1,1184.05
1437,2017-12-09,15875.27,,
1438,2017-12-10,14652.37,,
1439,2017-12-11,15068.95,1311.8,1048.72
1440,2017-12-12,16732.72,1306.9,1180.34
1441,2017-12-13,16916.8,1313.7,1187.72
1442,2017-12-14,16252.31,1322.2,1129.19
1443,2017-12-15,16408.15,1322.4,1140.79
1444,2017-12-16,17507.86,,
1445,2017-12-17,19279.9,,
1446,2017-12-18,18905.26,1330.6,1320.81
1447,2017-12-19,18911.79,1329.8,1322.15
1448,2017-12-20,17382.94,1335.4,1201.7
1449,2017-12-21,16357.24,1336.3,1124.07
1450,2017-12-22,15521.07,1344.8,1054.15
1451,2017-12-23,13776.61,,
1452,2017-12-24,14121.53,,
1453,2017-12-25,13554.31,1277.9,960.67
1454,2017-12-26,13740.94,1353.5,915.22
1455,2017-12-27,15677.99,1357.3,1055.09
1456,2017-12-28,15422.19,1364.4,1030.33
1457,2017-12-29,14214.01,1376.9,932.32
1458,2017-12-30,14413.54,,
1459,2017-12-31,12612.54,,
1460,2018-01-01,13796.0,1308.7,954.18
1461,2018-01-02,13374.98,1385.1,865.63
1462,2018-01-03,14793.46,1389.0,965.04
1463,2018-01-04,15039.24,1392.3,980.17
1464,2018-01-05,15169.66,1393.3,988.76
1465,2018-01-06,16914.73,,
1466,2018-01-07,17155.95,,
1467,2018-01-08,16192.91,1391.8,1063.45
1468,2018-01-09,14962.63,1385.2,980.18
1469,2018-01-10,14437.42,1392.2,937.02
1470,2018-01-11,14882.86,1395.3,966.64
1471,2018-01-12,13285.55,1409.6,842.5
1472,2018-01-13,13791.19,,
1473,2018-01-14,14246.18,1337.4,965.21
1474,2018-01-15,13583.83,1341.8,912.36
1475,2018-01-16,13554.14,1412.0,859.92
1476,2018-01-17,11307.27,1414.9,699.16
1477,2018-01-18,11091.26,1402.9,690.6
1478,2018-01-19,11174.82,1409.8,692.65
1479,2018-01-20,11506.51,,
1480,2018-01-21,12744.58,,
1481,2018-01-22,11513.42,1410.8,716.09
1482,2018-01-23,10770.49,1415.4,660.95
1483,2018-01-24,10831.49,1437.1,653.7
1484,2018-01-25,11392.03,1443.9,688.98
1485,2018-01-26,11150.79,1434.5,677.33
1486,2018-01-27,11094.24,,
1487,2018-01-28,11431.37,,
1488,2018-01-29,11742.33,1422.1,725.7
1489,2018-01-30,11186.12,1417.0,689.42
1490,2018-01-31,10082.52,1420.2,609.94
1491,2018-02-01,10204.0,1425.2,615.97
1492,2018-02-02,9098.27,1414.7,543.12
1493,2018-02-03,8852.73,,
1494,2018-02-04,9224.62,,
1495,2018-02-05,8202.06,1413.0,480.47
1496,2018-02-06,6925.46,1405.5,392.74
1497,2018-02-07,7712.37,1390.8,454.53
1498,2018-02-08,7585.17,1394.9,443.78
1499,2018-02-09,8245.08,1390.8,492.83
1500,2018-02-10,8688.86,,
1501,2018-02-11,8561.0,,
1502,2018-02-12,8068.02,1401.6,475.63
1503,2018-02-13,8895.72,1405.5,532.92
1504,2018-02-14,8527.87,1433.6,494.86
1505,2018-02-15,9471.64,1432.2,561.34
1506,2018-02-16,10033.77,1433.5,599.95
1507,2018-02-17,10178.56,,
1508,2018-02-18,11085.83,1350.5,720.87
1509,2018-02-19,10392.46,1347.8,671.07
1510,2018-02-20,11171.78,1408.8,693.0
1511,2018-02-21,11245.98,1411.0,697.02
1512,2018-02-22,10485.78,1411.8,642.72
1513,2018-02-23,9850.78,1409.4,598.93
1514,2018-02-24,10171.3,,
1515,2018-02-25,9699.76,,
1516,2018-02-26,9582.29,1413.5,577.91
1517,2018-02-27,10319.46,1400.0,637.1
1518,2018-02-28,10628.61,1399.5,659.46
1519,2018-03-01,10332.14,1386.3,645.3
1520,2018-03-02,10931.12,1404.5,678.29
1521,2018-03-03,11040.53,,
1522,2018-03-04,11453.34,,
1523,2018-03-05,11516.83,1400.8,722.16
1524,2018-03-06,11442.48,1416.2,707.97
1525,2018-03-07,10727.69,1408.2,661.8
1526,2018-03-08,9920.46,1403.3,606.94
1527,2018-03-09,9324.5,1407.0,562.72
1528,2018-03-10,9262.8,,
1529,2018-03-11,8777.37,,
1530,2018-03-12,9538.93,1403.8,579.51
1531,2018-03-13,9130.0,1410.4,547.33
1532,2018-03-14,9153.54,1408.7,549.79
1533,2018-03-15,8214.99,1400.7,486.49
1534,2018-03-16,8263.34,1395.3,492.23
1535,2018-03-17,8297.89,,
1536,2018-03-18,7885.08,,
1537,2018-03-19,8214.46,1400.7,486.45
1538,2018-03-20,8605.64,1395.2,516.8
1539,2018-03-21,8909.95,1405.6,533.89
1540,2018-03-22,8909.26,1411.2,531.33
1541,2018-03-23,8725.37,1434.0,508.46
1542,2018-03-24,8917.48,,
1543,2018-03-25,8533.76,,
1544,2018-03-26,8457.96,1440.0,487.36
1545,2018-03-27,8146.5,1426.8,470.96
1546,2018-03-28,7797.25,1407.9,453.82
1547,2018-03-29,7950.61,1405.0,465.88
1548,2018-03-30,7099.17,,
1549,2018-03-31,6854.19,,
1550,2018-04-01,6937.56,,
1551,2018-04-02,6827.54,1424.8,379.19
1552,2018-04-03,7065.29,1415.5,399.14
1553,2018-04-04,7426.48,1418.7,423.47
1554,2018-04-05,6810.71,1407.1,384.02
1555,2018-04-06,6786.66,1414.9,379.66
1556,2018-04-07,6634.68,,
1557,2018-04-08,6910.12,,
1558,2018-04-09,7029.71,1418.6,395.54
1559,2018-04-10,6784.41,1424.5,376.27
1560,2018-04-11,6849.3,1439.0,375.98
1561,2018-04-12,6955.36,1420.4,389.68
1562,2018-04-13,7941.46,1426.9,456.55
1563,2018-04-14,7895.25,,
1564,2018-04-15,8013.91,,
1565,2018-04-16,8368.1,1429.6,485.35
1566,2018-04-17,8069.03,1428.3,464.94
1567,2018-04-18,7907.19,1432.5,451.99
1568,2018-04-19,8175.96,1427.8,472.63
1569,2018-04-20,8288.12,1417.2,484.82
1570,2018-04-21,8876.51,,
1571,2018-04-22,8930.6,,
1572,2018-04-23,8812.76,1403.0,528.14
1573,2018-04-24,8952.68,1412.1,534.0
1574,2018-04-25,9658.11,1401.9,588.93
1575,2018-04-26,8870.14,1397.0,534.94
1576,2018-04-27,9294.67,1402.6,562.67
1577,2018-04-28,8928.55,,
1578,2018-04-29,9349.41,,
1579,2018-04-30,9398.4,1398.1,572.23
1580,2018-05-01,9239.55,1385.4,566.92
1581,2018-05-02,9074.98,1384.3,555.56
1582,2018-05-03,9220.76,1391.4,562.7
1583,2018-05-04,9753.35,1393.7,599.82
1584,2018-05-05,9696.13,,
1585,2018-05-06,9837.92,,
1586,2018-05-07,9631.44,1393.2,591.32
1587,2018-05-08,9369.16,1392.8,572.69
1588,2018-05-09,9186.69,1392.0,559.96
1589,2018-05-10,9310.37,1401.1,564.5
1590,2018-05-11,9015.88,1399.4,544.27
1591,2018-05-12,8396.83,,
1592,2018-05-13,8463.52,,
1593,2018-05-14,8691.46,1396.9,522.2
1594,2018-05-15,8671.51,1368.8,533.51
1595,2018-05-16,8471.06,1370.8,517.96
1596,2018-05-17,8343.27,1368.6,509.62
1597,2018-05-18,8063.86,1369.9,488.65
1598,2018-05-19,8239.08,,
1599,2018-05-20,8242.07,,
1600,2018-05-21,8520.59,1369.7,522.08
1601,2018-05-22,8396.63,1370.7,512.58
1602,2018-05-23,7987.38,1368.1,483.83
1603,2018-05-24,7511.91,1383.1,443.12
1604,2018-05-25,7576.78,1382.1,448.21
1605,2018-05-26,7465.12,,
1606,2018-05-27,7334.71,1298.3,464.95
1607,2018-05-28,7344.56,1297.6,466.01
1608,2018-05-29,7106.06,1373.9,417.22
1609,2018-05-30,7457.02,1376.9,441.58
1610,2018-05-31,7386.72,1375.2,437.14
1611,2018-06-01,7489.66,1370.2,446.61
1612,2018-06-02,7518.67,,
1613,2018-06-03,7637.14,,
1614,2018-06-04,7713.85,1369.1,463.42
1615,2018-06-05,7495.47,1374.1,445.48
1616,2018-06-06,7619.43,1373.5,454.75
1617,2018-06-07,7653.96,1374.4,456.89
1618,2018-06-08,7687.37,1374.4,459.33
1619,2018-06-09,7615.54,,
1620,2018-06-10,7497.1,,
1621,2018-06-11,6762.1,1375.5,391.61
1622,2018-06-12,6879.31,1371.8,401.48
1623,2018-06-13,6553.0,1373.5,377.1
1624,2018-06-14,6299.89,1380.6,356.32
1625,2018-06-15,6637.41,1349.3,391.92
1626,2018-06-16,6391.16,,
1627,2018-06-17,6488.68,,
1628,2018-06-18,6445.79,1351.1,377.08
1629,2018-06-19,6712.5,1349.2,397.52
1630,2018-06-20,6743.41,1345.3,401.26
1631,2018-06-21,6760.83,1341.0,404.16
1632,2018-06-22,6719.79,1341.3,400.99
1633,2018-06-23,6059.3,,
1634,2018-06-24,6170.46,,
1635,2018-06-25,6157.04,1339.2,359.76
1636,2018-06-26,6249.62,1329.6,370.04
1637,2018-06-27,6097.46,1325.7,359.94
1638,2018-06-28,6143.97,1320.2,365.38
1639,2018-06-29,5878.14,1323.9,344.0
1640,2018-06-30,6223.28,,
1641,2018-07-01,6408.91,,
1642,2018-07-02,6365.66,1309.9,385.97
1643,2018-07-03,6626.44,1322.4,401.09
1644,2018-07-04,6518.97,1258.1,418.16
1645,2018-07-05,6602.32,1327.6,397.31
1646,2018-07-06,6555.51,1324.8,394.83
1647,2018-07-07,6628.59,,
1648,2018-07-08,6778.38,,
1649,2018-07-09,6724.04,1329.0,405.95
1650,2018-07-10,6682.68,1325.1,404.32
1651,2018-07-11,6329.27,1313.3,381.94
1652,2018-07-12,6403.18,1315.4,386.79
1653,2018-07-13,6239.47,1309.5,376.48
1654,2018-07-14,6220.1,,
1655,2018-07-15,6248.84,,
1656,2018-07-16,6348.09,1308.0,385.33
1657,2018-07-17,6732.81,1295.1,419.87
1658,2018-07-18,7321.62,1295.5,465.16
1659,2018-07-19,7371.11,1290.9,471.01
1660,2018-07-20,7473.9,1297.3,476.11
1661,2018-07-21,7334.99,,
1662,2018-07-22,7408.99,,
1663,2018-07-23,7406.66,1291.2,473.63
1664,2018-07-24,7715.1,1291.3,497.47
1665,2018-07-25,8418.11,1297.2,548.94
1666,2018-07-26,8171.65,1291.6,532.68
1667,2018-07-27,7939.81,1289.1,515.92
1668,2018-07-28,8178.33,,
1669,2018-07-29,8219.92,,
1670,2018-07-30,8220.91,1287.8,538.37
1671,2018-07-31,8171.49,1289.9,533.5
1672,2018-08-01,7735.28,1284.1,502.39
1673,2018-08-02,7607.7,1276.3,496.07
1674,2018-08-03,7535.88,1279.5,488.97
1675,2018-08-04,7414.77,,
1676,2018-08-05,7011.28,,
1677,2018-08-06,7032.3,1273.7,452.12
1678,2018-08-07,6937.23,1274.3,444.4
1679,2018-08-08,6718.23,1276.9,426.14
1680,2018-08-09,6277.59,1275.9,392.01
1681,2018-08-10,6532.36,1274.7,412.46
1682,2018-08-11,6138.96,,
1683,2018-08-12,6227.85,,
1684,2018-08-13,6313.42,1254.2,403.38
1685,2018-08-14,6252.13,1256.0,397.78
1686,2018-08-15,6189.97,1239.8,399.27
1687,2018-08-16,6270.67,1238.8,406.19
1688,2018-08-17,6312.75,1238.9,409.54
1689,2018-08-18,6577.74,,
1690,2018-08-19,6394.18,,
1691,2018-08-20,6486.58,1248.6,419.51
1692,2018-08-21,6262.64,1253.9,399.45
1693,2018-08-22,6472.41,1257.2,414.83
1694,2018-08-23,6354.57,1247.0,409.59
1695,2018-08-24,6525.96,1266.8,415.15
1696,2018-08-25,6691.39,,
1697,2018-08-26,6738.27,,
1698,2018-08-27,6707.96,1269.8,428.27
1699,2018-08-28,6901.26,1268.2,444.18
1700,2018-08-29,7078.19,1265.1,459.5
1701,2018-08-30,7032.13,1257.9,459.04
1702,2018-08-31,6986.54,1259.5,454.71
1703,2018-09-01,7018.78,,
1704,2018-09-02,7197.43,1204.9,497.35
1705,2018-09-03,7291.84,1206.3,504.48
1706,2018-09-04,7265.08,1252.0,480.28
1707,2018-09-05,7359.19,1254.4,486.67
1708,2018-09-06,6695.32,1257.5,432.43
1709,2018-09-07,6501.19,1253.9,418.48
1710,2018-09-08,6399.85,,
1711,2018-09-09,6184.06,,
1712,2018-09-10,6240.98,1253.4,397.92
1713,2018-09-11,6306.59,1256.0,402.12
1714,2018-09-12,6283.54,1265.1,396.68
1715,2018-09-13,6326.04,1262.2,401.19
1716,2018-09-14,6479.6,1255.0,416.3
1717,2018-09-15,6487.12,,
1718,2018-09-16,6522.39,,
1719,2018-09-17,6497.37,1259.6,415.83
1720,2018-09-18,6253.99,1256.9,397.57
1721,2018-09-19,6342.39,1262.7,402.29
1722,2018-09-20,6389.3,1265.6,404.84
1723,2018-09-21,6496.02,1255.5,417.41
1724,2018-09-22,6756.12,,
1725,2018-09-23,6718.7,,
1726,2018-09-24,6705.66,1258.6,432.79
1727,2018-09-25,6583.45,1259.4,422.74
1728,2018-09-26,6432.71,1253.0,413.38
1729,2018-09-27,6459.35,1241.0,420.5
1730,2018-09-28,6686.08,1249.9,434.93
1731,2018-09-29,6628.66,,
1732,2018-09-30,6592.64,,
1733,2018-10-01,6611.02,1245.6,430.75
1734,2018-10-02,6586.58,1261.3,422.21
1735,2018-10-03,6521.31,1257.3,418.68
1736,2018-10-04,6483.73,1256.1,416.18
1737,2018-10-05,6568.14,1260.8,420.95
1738,2018-10-06,6620.63,,
1739,2018-10-07,6573.62,,
1740,2018-10-08,6588.93,1243.5,429.87
1741,2018-10-09,6641.33,1246.4,432.84
1742,2018-10-10,6626.85,1248.0,431.0
1743,2018-10-11,6581.07,1282.6,413.1
1744,2018-10-12,6207.79,1276.6,386.28
1745,2018-10-13,6247.0,,
1746,2018-10-14,6265.9,,
1747,2018-10-15,6265.16,1285.6,387.33
1748,2018-10-16,6599.17,1286.0,413.15
1749,2018-10-17,6616.45,1282.1,416.06
1750,2018-10-18,6595.51,1285.3,413.15
1751,2018-10-19,6509.61,1284.0,406.98
1752,2018-10-20,6463.58,,
1753,2018-10-21,6504.92,,
1754,2018-10-22,6504.78,1280.0,408.19
1755,2018-10-23,6493.89,1292.2,402.55
1756,2018-10-24,6476.85,1286.2,403.56
1757,2018-10-25,6489.77,1287.4,404.1
1758,2018-10-26,6466.29,1290.7,400.99
1759,2018-10-27,6472.17,,
1760,2018-10-28,6457.21,,
1761,2018-10-29,6449.37,1282.1,403.03
1762,2018-10-30,6307.51,1279.9,392.81
1763,2018-10-31,6301.61,1269.2,396.5
1764,2018-11-01,6338.78,1293.2,390.16
1765,2018-11-02,6373.08,1288.3,394.69
1766,2018-11-03,6390.42,,
1767,2018-11-04,6361.3,,
1768,2018-11-05,6454.0,1287.4,401.32
1769,2018-11-06,6437.76,1281.4,402.4
1770,2018-11-07,6477.84,1283.8,404.58
1771,2018-11-08,6536.83,1280.3,410.57
1772,2018-11-09,6444.97,1263.3,410.17
1773,2018-11-10,6377.4,,
1774,2018-11-11,6388.46,,
1775,2018-11-12,6408.53,1257.9,409.46
1776,2018-11-13,6384.75,1255.8,408.42
1777,2018-11-14,6358.25,1264.4,402.87
1778,2018-11-15,5756.77,1269.9,353.32
1779,2018-11-16,5658.73,1277.2,343.06
1780,2018-11-17,5592.58,,
1781,2018-11-18,5572.44,,
1782,2018-11-19,5616.29,1279.8,338.84
1783,2018-11-20,4848.78,1275.7,280.09
1784,2018-11-21,4491.98,1282.9,250.14
1785,2018-11-22,4616.44,1228.0,275.93
1786,2018-11-23,4312.31,1278.2,237.37
1787,2018-11-24,4352.98,,
1788,2018-11-25,3862.01,,
1789,2018-11-26,4010.72,1277.9,213.85
1790,2018-11-27,3793.35,1268.6,199.02
1791,2018-11-28,3828.45,1278.5,199.45
1792,2018-11-29,4256.55,1279.1,232.78
1793,2018-11-30,4278.77,1274.8,235.64
1794,2018-12-01,4013.52,,
1795,2018-12-02,4188.09,,
1796,2018-12-03,4140.6,1288.5,221.35
1797,2018-12-04,3894.21,1295.7,200.55
1798,2018-12-05,3956.94,1291.7,206.34
1799,2018-12-06,3744.98,1292.6,189.72
1800,2018-12-07,3484.94,1301.9,167.68
1801,2018-12-08,3425.69,,
1802,2018-12-09,3453.66,,
1803,2018-12-10,3588.44,1297.9,176.48
1804,2018-12-11,3472.98,1296.0,167.98
1805,2018-12-12,3407.28,1298.9,162.32
1806,2018-12-13,3487.73,1296.3,169.05
1807,2018-12-14,3308.11,1290.1,156.42
1808,2018-12-15,3242.42,,
1809,2018-12-16,3231.91,,
1810,2018-12-17,3246.64,1300.5,149.65
1811,2018-12-18,3556.54,1301.6,173.24
1812,2018-12-19,3714.09,1304.4,184.74
1813,2018-12-20,3734.55,1316.2,183.74
1814,2018-12-21,4135.19,1306.2,216.58
1815,2018-12-22,3899.83,,
1816,2018-12-23,4031.85,,
1817,2018-12-24,3995.17,1320.1,202.64
1818,2018-12-25,4075.15,1270.75,220.69
1819,2018-12-26,3821.52,1321.4,189.2
1820,2018-12-27,3848.21,1329.6,189.43
1821,2018-12-28,3638.9,1331.4,173.31
1822,2018-12-29,3923.19,,
1823,2018-12-30,3770.36,,
1824,2018-12-31,3865.26,1330.2,190.58
1825,2019-01-01,3737.91,1283.35,191.26
1826,2019-01-02,3855.88,1332.8,189.31
1827,2019-01-03,3931.31,1343.6,192.6
1828,2019-01-04,3822.87,1334.8,186.4
1829,2019-01-05,3856.62,,
1830,2019-01-06,3831.94,,
1831,2019-01-07,4071.77,1339.0,204.09
1832,2019-01-08,4032.25,1334.9,202.06
1833,2019-01-09,4020.97,1341.1,199.83
1834,2019-01-10,4016.92,1336.8,200.49
1835,2019-01-11,3646.25,1339.2,172.27
1836,2019-01-12,3656.9,,
1837,2019-01-13,3637.31,,
1838,2019-01-14,3531.96,1341.0,163.38
1839,2019-01-15,3682.48,1337.5,175.33
1840,2019-01-16,3600.16,1343.1,168.05
1841,2019-01-17,3621.43,1341.7,169.91
1842,2019-01-18,3658.41,1331.9,174.68
1843,2019-01-19,3625.73,,
1844,2019-01-20,3703.98,1282.05,188.91
1845,2019-01-21,3548.98,1279.05,177.47
1846,2019-01-22,3540.02,1332.2,165.73
1847,2019-01-23,3587.35,1333.1,169.1
1848,2019-01-24,3566.4,1328.7,168.41
1849,2019-01-25,3586.25,1347.1,166.22
1850,2019-01-26,3577.79,,
1851,2019-01-27,3576.3,,
1852,2019-01-28,3554.5,1352.9,162.73
1853,2019-01-29,3448.58,1358.7,153.81
1854,2019-01-30,3421.6,1359.1,151.75
1855,2019-01-31,3470.0,1367.9,153.67
1856,2019-02-01,3444.81,1365.0,152.37
1857,2019-02-02,3475.33,,
1858,2019-02-03,3506.22,,
1859,2019-02-04,3456.02,1362.2,153.71
1860,2019-02-05,3452.35,1362.5,153.38
1861,2019-02-06,3467.34,1357.7,155.38
1862,2019-02-07,3405.7,1357.5,150.88
1863,2019-02-08,3394.76,1361.7,149.3
1864,2019-02-09,3661.08,,
1865,2019-02-10,3664.38,,
1866,2019-02-11,3686.29,1355.1,172.03
1867,2019-02-12,3629.47,1357.1,167.44
1868,2019-02-13,3632.42,1358.5,167.38
1869,2019-02-14,3614.5,1357.1,166.34
1870,2019-02-15,3600.31,1365.1,163.74
1871,2019-02-16,3608.2,,
1872,2019-02-17,3619.55,1324.25,173.33
1873,2019-02-18,3670.74,1329.55,176.09
1874,2019-02-19,3910.8,1387.8,181.8
1875,2019-02-20,3926.53,1390.8,182.32
1876,2019-02-21,3987.18,1370.4,190.95
1877,2019-02-22,3944.88,1375.7,186.75
1878,2019-02-23,3983.48,,
1879,2019-02-24,4139.6,,
1880,2019-02-25,3766.89,1372.2,174.51
1881,2019-02-26,3848.33,1371.2,180.65
1882,2019-02-27,3831.45,1363.8,180.94
1883,2019-02-28,3833.23,1358.6,182.15
1884,2019-03-01,3850.08,1341.6,186.98
1885,2019-03-02,3834.62,,
1886,2019-03-03,3831.44,,
1887,2019-03-04,3814.58,1329.6,186.9
1888,2019-03-05,3730.98,1326.8,181.2
1889,2019-03-06,3872.25,1329.8,191.19
1890,2019-03-07,3876.85,1328.2,191.89
1891,2019-03-08,3886.82,1341.8,189.67
1892,2019-03-09,3875.96,,
1893,2019-03-10,3950.56,,
1894,2019-03-11,3928.17,1333.3,194.62
1895,2019-03-12,3881.09,1339.9,189.66
1896,2019-03-13,3892.51,1351.4,188.04
1897,2019-03-14,3877.77,1336.9,190.06
1898,2019-03-15,3885.21,1344.6,188.95
1899,2019-03-16,3936.5,,
1900,2019-03-17,4015.95,,
1901,2019-03-18,3994.92,1343.4,197.37
1902,2019-03-19,3998.77,1348.7,196.49
1903,2019-03-20,4029.11,1343.5,199.9
1904,2019-03-21,4056.4,1349.0,200.7
1905,2019-03-22,3992.34,1353.8,194.9
1906,2019-03-23,3999.06,,
1907,2019-03-24,4011.92,,
1908,2019-03-25,3994.11,1363.9,192.84
1909,2019-03-26,3935.89,1356.3,190.19
1910,2019-03-27,3947.74,1351.3,192.14
1911,2019-03-28,4048.51,1329.9,204.42
1912,2019-03-29,4037.37,1333.5,202.76
1913,2019-03-30,4115.55,,
1914,2019-03-31,4114.44,,
1915,2019-04-01,4114.16,1329.5,209.45
1916,2019-04-02,4152.53,1330.7,212.06
1917,2019-04-03,4882.88,1330.6,266.97
1918,2019-04-04,4959.81,1329.5,273.06
1919,2019-04-05,4911.24,1331.1,268.96
1920,2019-04-06,5028.77,,
1921,2019-04-07,5053.52,,
1922,2019-04-08,5189.39,1337.4,288.02
1923,2019-04-09,5268.71,1343.9,292.05
1924,2019-04-10,5175.81,1349.4,283.56
1925,2019-04-11,5310.18,1328.9,299.59
1926,2019-04-12,5035.02,1331.4,278.17
1927,2019-04-13,5072.85,,
1928,2019-04-14,5064.62,,
1929,2019-04-15,5152.51,1327.5,288.14
1930,2019-04-16,5036.18,1313.2,283.5
1931,2019-04-17,5196.65,1312.5,295.94
1932,2019-04-18,5220.37,1311.8,297.95
1933,2019-04-19,5276.31,1277.9,312.89
1934,2019-04-20,5277.04,,
1935,2019-04-21,5309.28,,
1936,2019-04-22,5281.83,1313.4,302.15
1937,2019-04-23,5377.19,1308.7,310.88
1938,2019-04-24,5518.16,1314.9,319.66
1939,2019-04-25,5434.19,1315.2,313.18
1940,2019-04-26,5195.61,1324.2,292.36
1941,2019-04-27,5292.83,,
1942,2019-04-28,5280.19,,
1943,2019-04-29,5301.29,1316.6,302.65
1944,2019-04-30,5260.65,1320.7,298.32
1945,2019-05-01,5269.79,1319.3,299.44
1946,2019-05-02,5326.67,1307.3,307.46
1947,2019-05-03,5390.16,1316.8,309.34
1948,2019-05-04,5657.14,,
1949,2019-05-05,5771.08,,
1950,2019-05-06,5717.66,1319.1,333.45
1951,2019-05-07,5684.47,1320.9,330.35
1952,2019-05-08,5755.72,1316.5,337.2
1953,2019-05-09,5936.72,1320.2,349.68
1954,2019-05-10,6146.91,1322.3,364.87
1955,2019-05-11,6348.02,,
1956,2019-05-12,7248.31,,
1957,2019-05-13,6978.63,1335.5,422.55
1958,2019-05-14,7823.11,1329.6,488.38
1959,2019-05-15,7992.69,1330.7,500.64
1960,2019-05-16,8206.9,1319.6,521.92
1961,2019-05-17,7885.96,1309.0,502.44
1962,2019-05-18,7362.22,,
1963,2019-05-19,7265.05,,
1964,2019-05-20,8193.7,1311.0,525.0
1965,2019-05-21,8007.03,1306.9,512.67
1966,2019-05-22,7952.5,1308.1,507.94
1967,2019-05-23,7625.93,1318.6,478.34
1968,2019-05-24,7880.29,1316.9,498.4
1969,2019-05-25,8003.26,,
1970,2019-05-26,8071.45,1284.15,528.54
1971,2019-05-27,8744.42,1284.95,580.53
1972,2019-05-28,8770.06,1310.2,569.37
1973,2019-05-29,8719.88,1313.5,563.87
1974,2019-05-30,8662.98,1319.9,556.34
1975,2019-05-31,8272.46,1337.9,518.32
1976,2019-06-01,8553.81,,
1977,2019-06-02,8554.8,,
1978,2019-06-03,8739.03,1353.4,545.71
1979,2019-06-04,8134.92,1354.6,500.54
1980,2019-06-05,7675.8,1358.8,464.9
1981,2019-06-06,7786.04,1366.9,469.61
1982,2019-06-07,7803.23,1370.4,469.41
1983,2019-06-08,7998.29,,
1984,2019-06-09,7931.34,,
1985,2019-06-10,7640.61,1354.8,463.97
1986,2019-06-11,8020.38,1356.9,491.08
1987,2019-06-12,7917.58,1362.3,481.19
1988,2019-06-13,8173.06,1368.8,497.1
1989,2019-06-14,8237.88,1369.6,501.48
1990,2019-06-15,8693.6,,
1991,2019-06-16,8859.47,,
1992,2019-06-17,8978.99,1367.7,556.5
1993,2019-06-18,9327.48,1375.5,578.12
1994,2019-06-19,9076.18,1373.5,560.81
1995,2019-06-20,9281.7,1420.3,553.5
1996,2019-06-21,9531.35,1423.4,569.62
1997,2019-06-22,10209.38,,
1998,2019-06-23,10668.63,,
1999,2019-06-24,10814.48,1441.4,650.28
2000,2019-06-25,11017.5,1441.8,664.15
2001,2019-06-26,11766.4,1438.6,717.91
2002,2019-06-27,12932.55,1435.4,800.97
2003,2019-06-28,11132.85,1437.5,674.46
2004,2019-06-29,12374.35,,
2005,2019-06-30,11890.38,,
2006,2019-07-01,10737.73,1413.9,659.44
2007,2019-07-02,10578.72,1433.1,638.17
2008,2019-07-03,10805.4,1446.1,647.21
2009,2019-07-04,11984.76,1423.55,741.89
2010,2019-07-05,11160.49,1426.3,682.48
2011,2019-07-06,10955.16,,
2012,2019-07-07,11232.04,,
2013,2019-07-08,11477.01,1426.8,704.39
2014,2019-07-09,12313.08,1427.6,762.5
2015,2019-07-10,12586.78,1439.9,774.14
2016,2019-07-11,12099.9,1434.6,743.43
2017,2019-07-12,11352.87,1440.2,688.28
2018,2019-07-13,11803.97,,
2019,2019-07-14,11389.1,,
2020,2019-07-15,10186.96,1441.5,606.69
2021,2019-07-16,10873.5,1439.3,655.47
2022,2019-07-17,9397.72,1451.6,547.4
2023,2019-07-18,9674.28,1456.4,564.26
2024,2019-07-19,10638.56,1454.7,631.32
2025,2019-07-20,10535.75,,
2026,2019-07-21,10764.9,,
2027,2019-07-22,10587.41,1455.2,627.56
2028,2019-07-23,10323.62,1450.0,611.97
2029,2019-07-24,9844.3,1452.1,577.94
2030,2019-07-25,9772.17,1443.1,577.17
2031,2019-07-26,9875.17,1448.1,581.94
2032,2019-07-27,9848.65,,
2033,2019-07-28,9473.99,,
2034,2019-07-29,9530.0,1449.2,557.6
2035,2019-07-30,9501.33,1457.7,551.8
2036,2019-07-31,9589.13,1453.7,559.64
2037,2019-08-01,10084.7,1448.4,596.26
2038,2019-08-02,10407.17,1472.9,606.58
2039,2019-08-03,10529.55,,
2040,2019-08-04,10814.57,,
2041,2019-08-05,10980.23,1491.0,636.43
2042,2019-08-06,11787.99,1498.6,686.6
2043,2019-08-07,11465.67,1533.6,647.63
2044,2019-08-08,11960.82,1524.0,684.83
2045,2019-08-09,11996.41,1523.3,687.53
2046,2019-08-10,11856.64,,
2047,2019-08-11,11282.22,,
2048,2019-08-12,11566.84,1532.0,655.02
2049,2019-08-13,11386.26,1529.3,644.54
2050,2019-08-14,10858.12,1542.9,603.75
2051,2019-08-15,10016.96,1545.9,547.97
2052,2019-08-16,10302.17,1538.2,569.75
2053,2019-08-17,10359.44,,
2054,2019-08-18,10214.52,,
2055,2019-08-19,10317.6,1526.2,576.03
2056,2019-08-20,10917.26,1530.4,613.36
2057,2019-08-21,10760.56,1530.4,603.12
2058,2019-08-22,10129.4,1523.4,564.92
2059,2019-08-23,10111.98,1552.5,551.34
2060,2019-08-24,10405.81,,
2061,2019-08-25,10143.8,,
2062,2019-08-26,10135.06,1552.1,552.99
2063,2019-08-27,10360.28,1567.2,561.07
2064,2019-08-28,10171.95,1564.5,550.17
2065,2019-08-29,9717.82,1552.6,525.91
2066,2019-08-30,9484.55,1545.5,513.69
2067,2019-08-31,9577.99,,
2068,2019-09-01,9600.9,1538.05,524.23
2069,2019-09-02,9769.79,1535.15,536.41
2070,2019-09-03,10386.64,1571.9,560.77
2071,2019-09-04,10621.29,1576.2,573.85
2072,2019-09-05,10584.16,1541.3,586.7
2073,2019-09-06,10577.8,1531.5,590.68
2074,2019-09-07,10317.47,,
2075,2019-09-08,10487.21,,
2076,2019-09-09,10406.31,1527.6,581.22
2077,2019-09-10,10313.66,1515.8,580.41
2078,2019-09-11,10101.03,1520.0,564.54
2079,2019-09-12,10159.32,1524.5,566.4
2080,2019-09-13,10420.16,1517.0,586.89
2081,2019-09-14,10363.9,,
2082,2019-09-15,10361.33,,
2083,2019-09-16,10310.43,1528.7,574.46
2084,2019-09-17,10265.63,1530.5,570.74
2085,2019-09-18,10190.36,1532.8,564.82
2086,2019-09-19,10157.59,1523.2,566.86
2087,2019-09-20,10275.88,1532.0,570.75
2088,2019-09-21,10173.11,,
2089,2019-09-22,9979.49,,
2090,2019-09-23,10033.05,1548.5,547.92
2091,2019-09-24,9683.38,1557.1,521.89
2092,2019-09-25,8553.61,1528.9,459.46
2093,2019-09-26,8432.23,1532.0,450.41
2094,2019-09-27,8055.64,1523.3,428.83
2095,2019-09-28,8193.9,,
2096,2019-09-29,8225.0,,
2097,2019-09-30,8056.74,1489.8,440.79
2098,2019-10-01,8307.74,1505.6,451.79
2099,2019-10-02,8322.92,1524.6,445.91
2100,2019-10-03,8382.03,1530.1,447.81
2101,2019-10-04,8236.17,1529.4,438.52
2102,2019-10-05,8155.48,,
2103,2019-10-06,8147.69,,
2104,2019-10-07,7869.74,1521.1,417.37
2105,2019-10-08,8212.02,1520.7,440.02
2106,2019-10-09,8190.0,1529.7,435.4
2107,2019-10-10,8587.92,1517.9,465.78
2108,2019-10-11,8586.9,1505.4,470.41
2109,2019-10-12,8269.73,,
2110,2019-10-13,8308.01,,
2111,2019-10-14,8283.76,1514.4,447.0
2112,2019-10-15,8353.54,1500.4,456.75
2113,2019-10-16,8162.16,1510.8,440.25
2114,2019-10-17,8002.51,1515.1,428.18
2115,2019-10-18,8076.78,1510.4,434.74
2116,2019-10-19,7954.15,,
2117,2019-10-20,7960.04,,
2118,2019-10-21,8231.06,1504.6,447.06
2119,2019-10-22,8222.52,1503.9,446.75
2120,2019-10-23,8026.76,1512.2,430.8
2121,2019-10-24,7469.56,1521.3,391.0
2122,2019-10-25,7431.88,1522.2,388.23
2123,2019-10-26,8666.79,,
2124,2019-10-27,9259.8,,
2125,2019-10-28,9551.54,1512.8,531.38
2126,2019-10-29,9218.76,1507.5,511.53
2127,2019-10-30,9433.35,1513.6,523.24
2128,2019-10-31,9164.62,1531.3,498.49
2129,2019-11-01,9147.98,1528.4,498.53
2130,2019-11-02,9252.99,,
2131,2019-11-03,9301.18,,
2132,2019-11-04,9206.16,1528.4,502.34
2133,2019-11-05,9418.05,1500.9,527.49
2134,2019-11-06,9310.19,1510.5,516.36
2135,2019-11-07,9343.34,1483.6,529.77
2136,2019-11-08,9204.24,1480.0,521.91
2137,2019-11-09,8766.04,,
2138,2019-11-10,8809.41,,
2139,2019-11-11,9037.12,1474.2,513.02
2140,2019-11-12,8717.81,1470.7,492.77
2141,2019-11-13,8801.52,1480.4,494.54
2142,2019-11-14,8762.42,1490.5,487.88
2143,2019-11-15,8632.32,1485.7,481.03
2144,2019-11-16,8457.69,,
2145,2019-11-17,8482.7,,
2146,2019-11-18,8503.93,1489.2,471.04
2147,2019-11-19,8175.99,1491.7,448.1
2148,2019-11-20,8120.8,1491.5,444.47
2149,2019-11-21,8081.81,1481.1,445.66
2150,2019-11-22,7617.07,1481.2,414.25
2151,2019-11-23,7286.35,,
2152,2019-11-24,7324.03,,
2153,2019-11-25,6907.4,1474.7,368.39
2154,2019-11-26,7130.25,1477.8,382.49
2155,2019-11-27,7163.63,1471.1,386.96
2156,2019-11-28,7523.83,1462.25,414.54
2157,2019-11-29,7431.0,1483.2,401.01
2158,2019-11-30,7757.47,,
2159,2019-12-01,7557.72,,
2160,2019-12-02,7402.69,1479.4,400.38
2161,2019-12-03,7309.59,1494.8,389.0
2162,2019-12-04,7296.77,1490.6,389.52
2163,2019-12-05,7192.85,1493.6,381.58
2164,2019-12-06,7395.97,1475.8,401.15
2165,2019-12-07,7547.19,,
2166,2019-12-08,7504.83,,
2167,2019-12-09,7522.39,1475.6,409.79
2168,2019-12-10,7337.42,1478.8,396.17
2169,2019-12-11,7220.76,1485.8,385.98
2170,2019-12-12,7202.31,1483.1,385.63
2171,2019-12-13,7189.16,1492.3,381.75
2172,2019-12-14,7251.87,,
2173,2019-12-15,7067.74,,
2174,2019-12-16,7111.14,1491.6,376.75
2175,2019-12-17,6879.54,1491.9,361.13
2176,2019-12-18,6612.12,1489.9,343.8
2177,2019-12-19,7284.29,1495.5,387.08
2178,2019-12-20,7150.86,1492.0,379.28
2179,2019-12-21,7190.17,,
2180,2019-12-22,7143.2,,
2181,2019-12-23,7514.41,1499.9,400.99
2182,2019-12-24,7322.08,1516.0,382.99
2183,2019-12-25,7250.69,1504.05,382.08
2184,2019-12-26,7192.72,1525.7,371.44
2185,2019-12-27,7194.4,1529.7,370.31
2186,2019-12-28,7243.93,,
2187,2019-12-29,7301.07,,
2188,2019-12-30,7385.36,1530.3,382.61
2189,2019-12-31,7219.6,1535.1,370.3
2190,2020-01-01,7168.31,1520.95,371.3
2191,2020-01-02,7175.68,1540.1,365.92
2192,2020-01-03,6944.33,1564.5,343.87
2193,2020-01-04,7326.35,,
2194,2020-01-05,7347.89,,
2195,2020-01-06,7351.57,1580.9,365.02
2196,2020-01-07,7759.24,1586.3,389.14
2197,2020-01-08,8165.47,1572.3,419.33
2198,2020-01-09,8042.65,1566.4,413.45
2199,2020-01-10,7817.92,1572.1,397.29
2200,2020-01-11,8184.66,,
2201,2020-01-12,8021.49,,
2202,2020-01-13,8173.97,1562.7,423.07
2203,2020-01-14,8105.24,1556.5,420.73
2204,2020-01-15,8842.42,1565.6,464.79
2205,2020-01-16,8813.89,1562.2,464.2
2206,2020-01-17,8722.03,1572.3,454.73
2207,2020-01-18,8900.34,,
2208,2020-01-19,8910.85,1557.05,472.29
2209,2020-01-20,8703.36,1561.25,457.46
2210,2020-01-21,8626.47,1569.9,449.49
2211,2020-01-22,8722.26,1568.7,456.02
2212,2020-01-23,8658.94,1577.3,448.97
2213,2020-01-24,8388.11,1583.9,429.59
2214,2020-01-25,8428.17,,
2215,2020-01-26,8327.36,,
2216,2020-01-27,8588.42,1589.5,440.32
2217,2020-01-28,8895.78,1581.7,462.42
2218,2020-01-29,9385.69,1582.0,493.28
2219,2020-01-30,9279.81,1595.1,481.77
2220,2020-01-31,9502.37,1593.8,496.21
2221,2020-02-01,9333.77,,
2222,2020-02-02,9378.09,,
2223,2020-02-03,9314.56,1588.3,486.45
2224,2020-02-04,9284.51,1561.4,494.63
2225,2020-02-05,9162.14,1568.7,484.06
2226,2020-02-06,9614.9,1575.8,510.16
2227,2020-02-07,9755.66,1579.2,517.76
2228,2020-02-08,9807.54,,
2229,2020-02-09,9907.12,,
2230,2020-02-10,10162.41,1585.4,541.0
2231,2020-02-11,9854.79,1575.9,525.34
2232,2020-02-12,10275.38,1577.3,551.45
2233,2020-02-13,10354.3,1584.5,553.47
2234,2020-02-14,10242.43,1591.9,543.41
2235,2020-02-15,10368.53,,
2236,2020-02-16,9904.17,1586.25,524.38
2237,2020-02-17,9937.67,1587.05,526.17
2238,2020-02-18,9703.93,1609.3,502.99
2239,2020-02-19,10180.65,1617.5,529.41
2240,2020-02-20,9604.72,1626.2,490.62
2241,2020-02-21,9606.86,1654.6,480.62
2242,2020-02-22,9696.58,,
2243,2020-02-23,9669.63,,
2244,2020-02-24,9989.39,1682.4,493.76
2245,2020-02-25,9663.75,1655.8,483.63
2246,2020-02-26,9309.15,1648.9,464.57
2247,2020-02-27,8785.52,1648.2,433.04
2248,2020-02-28,8804.72,1571.8,460.17
2249,2020-02-29,8712.35,,
2250,2020-03-01,8531.42,,
2251,2020-03-02,8534.17,1599.5,433.55
2252,2020-03-03,8912.82,1648.9,440.53
2253,2020-03-04,8754.34,1647.2,431.47
2254,2020-03-05,8758.9,1672.0,423.86
2255,2020-03-06,9067.39,1676.1,440.98
2256,2020-03-07,9155.89,,
2257,2020-03-08,8898.63,,
2258,2020-03-09,8039.38,1678.6,378.93
2259,2020-03-10,7931.94,1663.3,376.88
2260,2020-03-11,7885.46,1645.4,379.24
2261,2020-03-12,7936.65,1593.2,398.16
2262,2020-03-13,4830.21,1519.5,217.88
2263,2020-03-14,5609.03,,
2264,2020-03-15,5166.26,,
2265,2020-03-16,5348.44,1488.6,259.29
2266,2020-03-17,5026.35,1528.1,228.93
2267,2020-03-18,5357.61,1480.6,261.85
2268,2020-03-19,5410.23,1482.3,264.99
2269,2020-03-20,6195.2,1488.1,316.32
2270,2020-03-21,6226.44,,
2271,2020-03-22,6189.85,,
2272,2020-03-23,5822.62,1572.7,270.23
2273,2020-03-24,6502.16,1663.3,290.92
2274,2020-03-25,6768.49,1634.3,314.15
2275,2020-03-26,6698.46,1660.3,303.45
2276,2020-03-27,6763.75,1654.1,308.91
2277,2020-03-28,6369.09,,
2278,2020-03-29,6260.95,,
2279,2020-03-30,5885.41,1643.2,258.17
2280,2020-03-31,6405.29,1596.6,301.18
2281,2020-04-01,6428.28,1591.4,303.94
2282,2020-04-02,6652.87,1637.7,306.23
2283,2020-04-03,6809.11,1645.7,313.75
2284,2020-04-04,6741.67,,
2285,2020-04-05,6871.69,,
2286,2020-04-06,6777.44,1693.9,300.11
2287,2020-04-07,7343.2,1683.7,336.13
2288,2020-04-08,7205.55,1684.3,327.81
2289,2020-04-09,7365.03,1752.8,320.19
2290,2020-04-10,7293.69,1740.6,319.03
2291,2020-04-11,6873.24,,
2292,2020-04-12,6891.6,,
2293,2020-04-13,6915.37,1761.4,292.61
2294,2020-04-14,6857.66,1768.9,287.68
2295,2020-04-15,6871.95,1740.2,294.89
2296,2020-04-16,6623.8,1731.7,282.5
2297,2020-04-17,7112.27,1698.8,318.66
2298,2020-04-18,7034.89,,
2299,2020-04-19,7259.36,,
2300,2020-04-20,7130.04,1711.2,316.67
2301,2020-04-21,6840.24,1687.8,305.28
2302,2020-04-22,6852.52,1738.3,294.21
2303,2020-04-23,7130.99,1745.4,308.56
2304,2020-04-24,7477.6,1735.6,330.84
2305,2020-04-25,7507.08,,
2306,2020-04-26,7549.52,,
2307,2020-04-27,7699.27,1723.8,346.65
2308,2020-04-28,7790.66,1722.2,352.37
2309,2020-04-29,7765.33,1713.4,353.21
